article_id,url,title,source,published_date,retrieved_date,found_by,arch_count,any_relevant,rss_relevant,rss_score,rss_confidence,headless_relevant,headless_score,headless_confidence,llm_relevant,llm_confidence,llm_summary,alerts_relevant,alerts_score,alerts_confidence,best_incident_type,best_heat_terms,is_occupational,location_specificity
00e2b87f8ac6,https://kyma.com/noticias-3/programacion,A powerful search engine that organizes and provides access to vast information on the internet.,KYMA,,2026-05-12T05:30:24.248416+00:00,headless,1,False,False,,,False,0,0.0,False,,,False,,,none,,False,none
08747046ee7d,https://kyma.com/news/special-reports/2026/05/13/special-report-imperial-county-recognized-for-support-based-mental-health-outreach-as-cities-increase-enforcement/,SPECIAL REPORT: Imperial County recognized for support-based mental health outreach as cities increase enforcement,KYMA,2026-05-14T06:34:26+00:00,2026-05-14T11:56:17.058229+00:00,rss,1,False,False,6,0.1,False,,,False,,,False,,,none,,False,city
0b9fac135352,https://kyma.com/news/imperial-county/2026/05/11/ross-avenue-in-el-centro-to-temporarily-close-due-to-road-work,A powerful search engine that organizes and provides access to vast information on the internet.,KYMA,,2026-05-12T05:31:27.892386+00:00,headless,1,False,False,,,False,0,0.0,False,,,False,,,none,,False,none
0f1dcd80104f,https://kyma.com/noticias-3/telemundo-en-vivo,A powerful search engine that organizes and provides access to vast information on the internet.,KYMA,,2026-05-12T05:30:29.015233+00:00,headless,1,False,False,,,False,0,0.0,False,,,False,,,none,,False,none
0fbe8cb1a9f7,https://www.ivpressonline.com/users/admin/list,list,IV Press,,2026-05-12T05:32:24.582084+00:00,headless,1,False,False,,,False,0,0.0,False,,,False,,,none,,False,none
0fd94908abd7,https://www.ivpressonline.com/news/holtville-man-arrested-in-agricultural-theft-investigation/article_bd22e249-e6f9-47ee-aa5e-74ba7d80ad31.html,"EL CENTRO — A 31-year-old Holtville resident is behind bars following an intensive investigation into a string of agricultural thefts that have plagued local farmers, the Imperial County Sheriff’s Off",IV Press,,2026-05-14T12:01:01.405203+00:00,headless,1,True,False,,,True,16,0.267,False,,,False,,,none,,True,city
114b774321de,https://kyma.com/news/imperial-county/2026/05/12/fire-destroys-blue-church-in-slab-city,A powerful search engine that organizes and provides access to vast information on the internet.,KYMA,,2026-05-14T11:58:25.913414+00:00,headless,1,False,False,,,False,0,0.0,False,,,False,,,none,,False,none
1403e0be1ce1,https://www.ivpressonline.com/news/nonprofits-bring-critical-resources-to-environmental-frontline-communities-in-salton-sea-area/article_dcdb556f-45b9-4765-b910-8f24e912873d.html,"Mobile resource fair delivers health, environmental, and legal information to underserved Salton City communities",IV Press,,2026-05-13T12:13:32.667986+00:00,headless,1,False,False,,,False,6,0.1,False,,,False,,,none,,False,city
1416a7146f7f,https://kyma.com/crashes/2026/05/12/man-dies-after-broadside-car-crash-on-state-route-86/,Man dies after broadside car crash on State Route 86,KYMA,2026-05-13T00:43:26+00:00,2026-05-14T11:56:17.058519+00:00,rss,1,False,False,0,0.0,False,,,False,,,False,,,none,,False,none
15b15dc9b96b,https://kyma.com/news/imperial-county/2026/05/12/may-marks-jewish-american-heritage-month,May marks Jewish American Heritage Month,KYMA,,2026-05-14T11:58:17.353425+00:00,headless,1,False,False,,,False,6,0.1,False,,,False,,,none,,False,city
16184587d0ed,https://kyma.com/news/imperial-county/2026/05/06/imperial-county-man-arrested-for-robbery-facing-additional-charges/,Imperial County man arrested for robbery facing additional charges,KYMA,2026-05-07T00:10:02+00:00,2026-05-12T05:29:23.439682+00:00,rss,1,False,False,6,0.1,False,,,False,,,False,,,none,,False,city
16824a7792f0,https://www.ivpressonline.com/news/mexicali-briefs-lawmaker-pushes-for-alcohol-bans-at-children-s-parties-following-toddler-s-death/article_f40455ba-6c56-4245-a284-8a477f301bbf.html,ASSEMBLY,IV Press,,2026-05-12T05:34:07.749758+00:00,headless,1,False,False,,,False,3,0.05,False,,,False,,,none,,False,none
16d1bf56b8c8,https://kyma.com/about-us/download-our-apps,A powerful search engine that organizes and provides access to vast information on the internet.,KYMA,,2026-05-12T05:31:00.828693+00:00,headless,1,False,False,,,False,0,0.0,False,,,False,,,none,,False,none
17497a7341e1,https://www.ivpressonline.com/news/local/county,EL CENTRO — The Imperial County Board of Supervisors will hold a special meeting today at the county administration center board chambers. Items on the agenda include a state budget request letter to ,IV Press,,2026-05-12T05:33:00.271441+00:00,headless,1,False,False,,,False,6,0.1,False,,,False,,,none,,False,city
1a3e1c1f0c6d,https://kyma.com/news/imperial-county/2026/05/04/emilio-nares-foundation-increases-local-presence-for-pediatric-care/,Emilio Nares Foundation increases local presence for pediatric care,KYMA,2026-05-04T17:50:08+00:00,2026-05-12T05:29:23.440150+00:00,rss,1,False,False,3,0.05,False,,,False,,,False,,,none,,False,city
1e8b01f0fc0a,https://kyma.com/news/top-stories/2026/05/11/newly-built-bus-station-begins-operations-in-calexico/,Newly built bus station begins operations in Calexico,KYMA,2026-05-11T21:03:50+00:00,2026-05-12T05:29:23.438576+00:00,rss,1,False,False,3,0.05,False,,,False,,,False,,,none,,False,city
21aac886c0ac,https://www.ivpressonline.com/news/federal-prosecutors-charge-dozens-in-san-diego-as-border-cases-surge/article_980d88f6-9d5a-4312-a606-e418cc852f7d.html,"SAN DIEGO — Federal prosecutors in the Southern District of California charged 83 people this week in a blitz of border-related cases, underscoring the relentless pressure on one of the nation’s busie",IV Press,,2026-05-12T12:05:09.325798+00:00,headless,1,False,False,,,False,3,0.05,False,,,False,,,none,,False,city
23501fdf70dd,https://www.ivpressonline.com/news/imperial-valley-to-celebrate-heritage-and-resilience-at-arte-latino-exhibition/article_7a4c2229-e18d-46e1-891e-1e6bba549272.html,"EL CENTRO — The vibrant colors and profound narratives of Latin American culture are set to take center stage in the heart of the Imperial Valley. On May 14, the “Arte Latino” exhibition will open its",IV Press,,2026-05-12T05:34:29.858482+00:00,headless,1,False,False,,,False,6,0.1,False,,,False,,,none,,False,city
254e50bcc2e8,https://kyma.com/shop/cancer-resources,A powerful search engine that organizes and provides access to vast information on the internet.,KYMA,,2026-05-12T05:30:37.773455+00:00,headless,1,False,False,,,False,0,0.0,False,,,False,,,none,,False,none
260a566b2d41,https://kyma.com/news/imperial-county/2026/04/28/calexico-10-theatres-to-close-its-doors/,Calexico 10 Theatres to close its doors,KYMA,2026-04-28T15:14:58+00:00,2026-05-12T05:29:23.440814+00:00,rss,1,False,False,6,0.1,False,,,False,,,False,,,none,,False,city
2700f583b9e9,https://news.google.com/rss/articles/CBMihgFBVV95cUxOdVpoYVYwM0piUW50WC1qZVJlb24tb3VQckctZlIzMXkzcnlkUnh4N2hGZjlaRXR0YmtsYVlMNGNQUmFjYzVtS21XWXRDTXpxWG1Zci1UZkxrRkxDVElYYTNOaFZ4cFpmWnQxaWl6VENDNVdpM2F4OVFpOW55Z1RuZGJXM3pZZw?oc=5,Over 350 earthquakes recorded since Friday in part of southern California - AOL.com,Google News (AOL.com),2026-05-11T17:05:20+00:00,2026-05-12T05:29:19.521995+00:00,alerts,1,False,False,,,False,,,False,,,False,0,0.0,none,,False,none
28fefe09eece,https://kyma.com/news/imperial-county/2026/05/10/city-of-brawley-reacts-to-experiencing-multiple-earthquakes/,City of Brawley reacts to experiencing multiple earthquakes,KYMA,2026-05-11T00:00:08+00:00,2026-05-12T05:29:23.438858+00:00,rss,1,False,False,6,0.1,False,,,False,,,False,,,none,,False,city
2ac493054256,https://kyma.com/news/top-stories/2026/04/30/brawley-coupled-charged-with-child-murder-has-no-set-preliminary-hearing-date/,Brawley coupled charged with child murder has no set preliminary hearing date,KYMA,2026-04-30T21:04:05+00:00,2026-05-12T05:29:23.440395+00:00,rss,1,False,False,3,0.05,False,,,False,,,False,,,none,,False,city
2de2875b54ec,https://kyma.com/decision-politics/local-politics/2026/04/28/congressman-ruiz-secures-commitment-to-new-river-crisis/,Rep. Raul Ruiz secures commitment to New River crisis,KYMA,2026-04-28T22:55:34+00:00,2026-05-12T05:29:23.440642+00:00,rss,1,False,False,0,0.0,False,,,False,,,False,,,none,,False,none
2e71c76143e1,https://kyma.com/news/imperial-county/2026/05/11/raising-canes-set-to-make-imperial-valley-debut-in-el-centro,A powerful search engine that organizes and provides access to vast information on the internet.,KYMA,,2026-05-12T05:31:23.719979+00:00,headless,1,False,False,,,False,0,0.0,False,,,False,,,none,,False,none
31a0622f2169,https://www.ivpressonline.com/static_pages/submit_probe.html,Skip to main content,IV Press,,2026-05-12T05:33:50.060741+00:00,headless,1,False,False,,,False,0,0.0,False,,,False,,,none,,False,none
3287cdd47afa,https://kyma.com/news/imperial-county/2026/05/11/raising-canes-set-to-make-imperial-valley-debut-in-el-centro/,Raising Cane’s set to make Imperial Valley debut in El Centro,KYMA,2026-05-11T17:32:03+00:00,2026-05-12T05:29:23.438735+00:00,rss,1,False,False,6,0.1,False,,,False,,,False,,,none,,False,city
33e5d931c783,https://kyma.com/decision-politics/local-politics/2026/05/11/rep-raul-ruiz-meets-with-epa-in-calexico-over-new-river-crisis/,Rep. Raul Ruiz meets with EPA in Calexico over New River crisis,KYMA,2026-05-11T19:07:27+00:00,2026-05-12T05:29:23.438658+00:00,rss,1,False,False,6,0.1,False,,,False,,,False,,,none,,False,city
354e38c5da38,https://kyma.com/news/imperial-county/2026/05/09/parts-of-imperial-county-experiences-multiple-earthquakes/,Parts of Imperial County experiences multiple earthquakes,KYMA,2026-05-10T00:39:05+00:00,2026-05-12T05:29:23.438970+00:00,rss,1,False,False,6,0.1,False,,,False,,,False,,,none,,False,city
3565a9371393,https://kyma.com/news/2026/05/12/may-marks-jewish-american-heritage-month/,May marks Jewish American Heritage Month,KYMA,2026-05-13T02:13:28+00:00,2026-05-13T12:09:00.173817+00:00,rss,1,False,False,6,0.1,False,,,False,,,False,,,none,,False,city
3776d2fa4924,https://news.google.com/rss/articles/CBMiqgFBVV95cUxNdl9EQ19DVEZOMi03aXBRWTRySEc4cV84RTI4VjVLam1qYm9NTTB3RUZFd1dybk9lSUpIYjBXMDlYTzlIUEJ4dElqMzROVW4wT05FV3AtUVNUaXhxM05hUTBQZ25zTWpJblJHVVBhdi00UFdTeHBnOWVXTWpOVjlrSHEtY3d0U1ZmZHZRbUh2QzhBM3MwQXdOYzRlUV9ZSDQ0b1RKdnBVenRfUQ?oc=5,FIRST ALERT ACTION DAY: Tracking extreme heat through tonight - kyma.com,Google News,2026-05-11T21:26:49+00:00,2026-05-12T12:01:09.631539+00:00,alerts|llm,2,True,False,,,False,,,False,0.0,,True,15,0.25,none,extreme heat,False,none
38053d6c8684,https://kyma.com/news/decision-2020,A powerful search engine that organizes and provides access to vast information on the internet.,KYMA,,2026-05-12T05:30:06.198653+00:00,headless,1,False,False,,,False,0,0.0,False,,,False,,,none,,False,none
3ad90c617bc7,https://kyma.com/news/imperial-county/2026/05/05/city-of-el-centro-to-host-opening-of-immersive-art-exhibition/,City of El Centro to host opening of immersive art exhibition,KYMA,2026-05-05T18:12:22+00:00,2026-05-12T05:29:23.439980+00:00,rss,1,False,False,6,0.1,False,,,False,,,False,,,none,,False,city
3b1a91d5685e,https://kyma.com/news/imperial-county/2026/04/23/brawley-middle-schools-face-off-in-flag-football/,Brawley middle schools face off in flag football,KYMA,2026-04-23T17:51:26+00:00,2026-05-12T05:29:23.441418+00:00,rss,1,False,False,6,0.1,False,,,False,,,False,,,none,,False,city
3c69c6445e45,https://www.ivpressonline.com/news/brawley-activates-emergency-center-as-earthquake-swarm-rattles-imperial-valley/article_505442fd-d52f-42ab-9bb9-ecb82db58f4c.html,"BRAWLEY — Residents in the Imperial Valley were urged to remain vigilant as a persistent earthquake swarm rattled the region over the weekend, prompting the City of Brawley to activate its Emergency O",IV Press,,2026-05-12T12:05:05.112355+00:00,headless,1,False,False,,,False,6,0.1,False,,,False,,,none,,False,city
3c9466c518e8,https://kyma.com/decision-politics/local-politics/2026/04/27/efforts-to-recall-peggy-price-hits-road-bump/,Efforts to recall Peggy Price hits road bump,KYMA,2026-04-27T20:14:27+00:00,2026-05-12T05:29:23.440974+00:00,rss,1,False,False,3,0.05,False,,,False,,,False,,,none,,False,city
3d4d851618aa,https://www.ivpressonline.com/news/imperial-county-student-artists-to-take-center-stage-at-4th-annual-arts-festival/article_e53764f4-a506-4f1b-a3de-c54fb22cb15e.html,"EL CENTRO — The brushstrokes, lens captures, and digital visions of the Imperial Valley’s youth will be on full display next week as the Imperial County Office of Education (ICOE) hosts its 4th annual",IV Press,,2026-05-13T12:13:50.274983+00:00,headless,1,False,False,,,False,6,0.1,False,,,False,,,none,,False,city
3ed653ffda94,https://www.ivpressonline.com/about/about.html,About Us,IV Press,,2026-05-12T05:34:03.292597+00:00,headless,1,False,False,,,False,6,0.1,False,,,False,,,none,,False,city
41a4d794c024,https://www.ivpressonline.com/news/weekend-roadwork-to-close-stretch-of-ross-avenue-in-el-centro/article_5efb2fee-3602-4521-ab27-298e31ddd7f3.html,EL CENTRO — Local commuters and residents should prepare for detours this coming weekend as a key segment of Ross Avenue undergoes planned maintenance.,IV Press,,2026-05-12T12:05:17.563424+00:00,headless,1,False,False,,,False,3,0.05,False,,,False,,,none,,False,city
433e4b33a28a,https://www.ivpressonline.com/news/local/border,"Police officers in Tijuana, Mexico, are now equipped with body cameras in an effort to strengthen transparency and accountability, officials said.",IV Press,,2026-05-12T05:33:04.798884+00:00,headless,1,False,False,,,False,3,0.05,False,,,False,,,none,,False,city
454efe196481,https://www.ivpressonline.com/news/county-expands-recovery-housing-agreement-adds-men-s-beds-in-calexico/article_85e5b043-96b3-4fcb-acc6-01f3e49b95e6.html,"EL CENTRO — The Imperial County Board of Supervisors approved an amendment to a prior agreement with Open Door Ministry for the Broken on Tuesday, May 5.",IV Press,,2026-05-12T05:34:25.417194+00:00,headless,1,False,False,,,False,6,0.1,False,,,False,,,none,,False,city
46ac8e99d34c,https://kyma.com/news/imperial-county/2026/05/12/el-centro-welcomes-raising-canes-with-open-arms-and-long-lines,A powerful search engine that organizes and provides access to vast information on the internet.,KYMA,,2026-05-13T12:10:50.412111+00:00,headless,1,False,False,,,False,0,0.0,False,,,False,,,none,,False,none
473cb93deefa,https://www.ivpressonline.com/news/local/crime,EL CENTRO — An inmate who slipped out of her restraints and vanished from a local hospital last month is back behind bars after being apprehended a…,IV Press,,2026-05-12T05:33:09.385370+00:00,headless,1,False,False,,,False,9,0.15,False,,,False,,,none,,False,city
4cb10356b74f,https://www.ivpressonline.com/news/mexicali-briefs-mexicali-sanitation-worker-dies-after-being-struck-by-garbage-truck/article_514a7541-a93f-46c5-a8ff-9b6c7007cd3f.html,PUBLIC SAFETY,IV Press,,2026-05-13T12:13:45.871453+00:00,headless,1,False,False,,,False,3,0.05,False,,,False,,,none,,False,none
4e60848902f1,https://www.ivpressonline.com/news/mana-de-imperial-valley-launches-water-drive-to-combat-rising-desert-heat/article_533cbeca-1cb4-4f17-93f1-7188ddbc3d36.html,MANA de Imperial Valley launches water drive to combat rising desert heat,IV Press,2026-05-14T00:00:00-07:00,2026-05-14T12:01:09.671084+00:00,headless|llm,2,True,False,,,True,21,0.35,False,0.0,,False,,,illness,extreme heat|heatwave|cooling center,False,city
5108d66b33a7,https://www.ivpressonline.com/business/farm,"Ashish Shah is drinking water to prove a point. When he explains his project to people, he finds it’s often the most efficient way to show proof of concept.",IV Press,,2026-05-12T05:32:42.482514+00:00,headless,1,False,False,,,False,0,0.0,False,,,False,,,none,,False,none
5242b5ce4b63,https://kyma.com/news/imperial-county/2026/04/22/iid-board-approves-summer-bill-credits-to-customers/,IID Board approves summer bill credits to customers,KYMA,2026-04-22T18:29:26+00:00,2026-05-12T05:29:23.441488+00:00,rss,1,False,False,3,0.05,False,,,False,,,False,,,none,,False,city
5403092bc398,https://kyma.com/news/imperial-county/2026/05/06/imperial-county-board-approves-mandatory-trash-collection-and-rate-hikes/,Imperial County Board approves mandatory trash collection and rate hikes,KYMA,2026-05-06T17:54:11+00:00,2026-05-12T05:29:23.439740+00:00,rss,1,False,False,6,0.1,False,,,False,,,False,,,none,,False,city
5428985c24f9,https://www.ivpressonline.com/opinion/voiceofthepeople,"I just got back from Bucklin Park. It is 6:30 am, Sunday morning (4/19), and I went with my 7-year-old granddaughter for a walk/run around the park. She runs. I covet. Anyway, I wanted her to see how ",IV Press,,2026-05-12T05:33:41.196707+00:00,headless,1,False,False,,,False,6,0.1,False,,,False,,,none,,False,city
5532e7c3b3ed,https://kyma.com/news/imperial-county/2026/04/28/preliminary-hearing-underway-for-man-accused-of-murdering-missing-teen/,Preliminary hearing underway for man accused of murdering missing teen,KYMA,2026-04-28T17:57:51+00:00,2026-05-12T05:29:23.440696+00:00,rss,1,False,False,6,0.1,False,,,False,,,False,,,none,,False,city
558f7db078ff,https://kyma.com/news/2026/04/27/contest-guess-when-we-hit-111-degrees-2026/,CONTEST: Guess When We Hit 111 Degrees 2026,KYMA,2026-04-27T19:08:46+00:00,2026-05-12T05:29:23.441546+00:00,rss,1,False,False,3,0.05,False,,,False,,,False,,,none,,False,city
56eef95fec0f,https://kyma.com/news/imperial-county/2026/05/13/imperial-county-woman-sentenced-to-nine-months-in-jail,A powerful search engine that organizes and provides access to vast information on the internet.,KYMA,,2026-05-14T11:58:13.273866+00:00,headless,1,False,False,,,False,0,0.0,False,,,False,,,none,,False,none
573cbcf52131,https://kyma.com/news/top-stories/2026/05/01/imperial-county-public-health-and-law-enforcement-host-stop-look-lock/,Imperial County Public Health and Law Enforcement host ‘STOP. LOOK. LOCK’,KYMA,2026-05-01T17:43:53+00:00,2026-05-12T05:29:23.440275+00:00,rss,1,True,True,21,0.35,False,,,False,,,False,,,illness,heatstroke,False,city
59f89e5651a8,https://kyma.com/news/imperial-county/2026/05/12/el-centro-welcomes-raising-canes-with-open-arms-and-long-lines/,El Centro welcomes Raising Cane’s with open arms and long lines,KYMA,2026-05-12T17:03:39+00:00,2026-05-13T12:09:00.173975+00:00,rss,1,False,False,6,0.1,False,,,False,,,False,,,none,,False,city
5a09391199cc,https://kyma.com/news/top-stories/2026/05/08/from-donation-bin-to-the-job-market-how-goodwill-is-fueling-careers-in-the-imperial-valley/,From donation bin to the job market: How Goodwill is fueling careers in the Imperial Valley,KYMA,2026-05-09T02:32:16+00:00,2026-05-12T05:29:23.439118+00:00,rss,1,False,False,6,0.1,False,,,False,,,False,,,none,,False,city
5c538c8ea67b,https://kyma.com/about-us/fcc-public-files,A powerful search engine that organizes and provides access to vast information on the internet.,KYMA,,2026-05-12T05:31:05.396259+00:00,headless,1,False,False,,,False,0,0.0,False,,,False,,,none,,False,none
5c8e1dbb9fd5,https://www.ivpressonline.com/static_pages/forms/athlete_of_the_week_submission,athlete of the week submission,IV Press,,2026-05-12T05:33:32.126606+00:00,headless,1,False,False,,,False,0,0.0,False,,,False,,,none,,False,none
5ef429366803,https://www.ivpressonline.com/about/letter_to_the_editor.html,Send a Letter To The Editor,IV Press,,2026-05-12T05:33:45.617286+00:00,headless,1,False,False,,,False,6,0.1,False,,,False,,,none,,False,city
5f87347f7e73,https://www.ivpressonline.com/news/cops-briefs-man-arrested-on-grand-theft-allegations/article_ec2f1781-ab3c-4d94-b36f-76612713cfbc.html,EL CENTRO,IV Press,,2026-05-13T12:13:54.669759+00:00,headless,1,False,False,,,False,6,0.1,False,,,False,,,none,,False,city
607b143d4247,https://kyma.com/news/top-stories/2026/05/07/sheriffs-vehicle-government-vehicle-crash-in-winterhaven/,"Sheriff’s vehicle, government vehicle crash in Winterhaven",KYMA,2026-05-08T05:01:20+00:00,2026-05-12T05:29:23.439193+00:00,rss,1,False,False,3,0.05,False,,,False,,,False,,,none,,False,city
60e4ca9233c6,https://kyma.com/news/imperial-county/2026/05/10/city-of-brawley-reacts-to-experiencing-multiple-earthquakes,A powerful search engine that organizes and provides access to vast information on the internet.,KYMA,,2026-05-12T05:31:32.054528+00:00,headless,1,False,False,,,False,0,0.0,False,,,False,,,none,,False,none
61231dcd952c,https://kyma.com/news/imperial-county/2026/05/04/city-of-el-centro-to-host-community-meeting-on-city-budget/,City of El Centro to host community meeting on city budget,KYMA,2026-05-04T18:08:14+00:00,2026-05-12T05:29:23.440092+00:00,rss,1,False,False,6,0.1,False,,,False,,,False,,,none,,False,city
6256a45c5bb8,https://kyma.com/2026/05,A powerful search engine that organizes and provides access to vast information on the internet.,KYMA,,2026-05-12T05:31:14.941392+00:00,headless,1,False,False,,,False,0,0.0,False,,,False,,,none,,False,none
636f76cab1a1,https://kyma.com/the-good-stuff/holiday/2026/05/05/imperial-valley-college-celebrates-cinco-de-mayo/,Imperial Valley College celebrates Cinco de Mayo,KYMA,2026-05-06T02:38:36+00:00,2026-05-12T05:29:23.439861+00:00,rss,1,False,False,6,0.1,False,,,False,,,False,,,none,,False,city
66b3fa6d7bf0,https://kyma.com/news/top-stories/2026/05/07/long-trial-expected-for-brawley-couple-accused-of-murdering-child,A powerful search engine that organizes and provides access to vast information on the internet.,KYMA,,2026-05-12T05:32:03.772085+00:00,headless,1,False,False,,,False,0,0.0,False,,,False,,,none,,False,none
697bb5217230,https://kyma.com/decision-politics/california-politics/2026/05/08/tomas-oliva-is-running-for-californias-36th-state-assembly-district,A powerful search engine that organizes and provides access to vast information on the internet.,KYMA,,2026-05-12T05:31:45.786334+00:00,headless,1,False,False,,,False,0,0.0,False,,,False,,,none,,False,none
69b292cc1396,https://kyma.com/news/special-reports/2026/05/07/salton-city-a-food-desert/,Salton City: A food desert,KYMA,2026-05-08T02:35:26+00:00,2026-05-12T05:29:23.439245+00:00,rss,1,False,False,6,0.1,False,,,False,,,False,,,none,,False,city
6f4c4597f0d0,https://www.ivpressonline.com/life/desertmuseum,"People do not enter a museum as empty containers expecting to be filled with information. They are full of memories, questions, habits, family stories, school lessons, personal experiences, and their ",IV Press,,2026-05-12T05:32:46.993714+00:00,headless,1,False,False,,,False,6,0.1,False,,,False,,,none,,False,city
70462d9c69c5,https://www.ivpressonline.com/site/forms/news_tip,Send a News Tip,IV Press,,2026-05-12T05:33:23.213559+00:00,headless,1,False,False,,,False,6,0.1,False,,,False,,,none,,False,city
7078516755d3,https://kyma.com/news/imperial-county/2026/05/11/ross-avenue-in-el-centro-to-temporarily-close-due-to-road-work/,Ross Avenue in El Centro to temporarily close due to road work,KYMA,2026-05-11T14:57:56+00:00,2026-05-12T05:29:23.438796+00:00,rss,1,False,False,6,0.1,False,,,False,,,False,,,none,,False,city
70cbecdfb0e4,https://kyma.com/news/imperial-county/2026/04/27/el-centro-aquatic-center-to-close-for-repairs/,El Centro Aquatic Center to close for repairs,KYMA,2026-04-27T16:26:48+00:00,2026-05-12T05:29:23.441192+00:00,rss,1,False,False,6,0.1,False,,,False,,,False,,,none,,False,city
7174ba066103,https://www.ivpressonline.com/news/one-dead-two-critically-injured-in-high-speed-collision-near-salton-city/article_e95608fd-39e3-40fa-a573-142258ece63b.html,"SALTON CITY — A Monday night collision at a rural Imperial County intersection left one man dead and two women fighting for their lives after their vehicle pulled into the path of an oncoming car, the",IV Press,,2026-05-14T12:00:48.892164+00:00,headless,1,False,False,,,False,9,0.15,False,,,False,,,none,,False,city
74efd60c40e7,https://kyma.com/news/top-stories/2026/05/08/from-donation-bin-to-the-job-market-how-goodwill-is-fueling-careers-in-the-imperial-valley,From donation bin to the job market: How Goodwill is fueling careers in the Imperial Valley,KYMA,,2026-05-12T05:31:50.314249+00:00,headless,1,False,False,,,False,6,0.1,False,,,False,,,none,,False,city
7853ebba7ac0,https://kyma.com/shop/health-connections,A powerful search engine that organizes and provides access to vast information on the internet.,KYMA,,2026-05-12T05:30:42.559474+00:00,headless,1,False,False,,,False,0,0.0,False,,,False,,,none,,False,none
7a2e5848d082,https://www.ivpressonline.com/opinion/columns,"Last week, we went out to celebrate with my oldest and most curmudgeonly friend, Andrew.",IV Press,,2026-05-12T05:33:36.625160+00:00,headless,1,False,False,,,False,6,0.1,False,,,False,,,none,,False,city
7d29c5c60a71,https://www.ivpressonline.com/sports/local,"LAS VEGAS — Brawley wrestling coach Johnny Torres proved this weekend that those who teach can also do, and do so at an elite level.",IV Press,,2026-05-12T05:33:27.798307+00:00,headless,1,False,False,,,False,6,0.1,False,,,False,,,none,,False,city
7d3adbc91ffd,https://kyma.com/news/imperial-county/2026/04/27/mccabe-road-closed-due-to-road-damage/,McCabe Road closed due to road damage,KYMA,2026-04-27T18:15:20+00:00,2026-05-12T05:29:23.441086+00:00,rss,1,False,False,3,0.05,False,,,False,,,False,,,none,,False,city
7d63353f6d5a,https://kyma.com/news/imperial-county/2026/04/27/iid-hosts-earth-day-celebration/,IID hosts Earth Day celebration,KYMA,2026-04-27T20:06:01+00:00,2026-05-12T05:29:23.441028+00:00,rss,1,False,False,3,0.05,False,,,False,,,False,,,none,,False,city
7fec7ff5234c,https://kyma.com/news/imperial-county/2026/05/10/icfd-responds-to-commercial-kitchen-blaze,A powerful search engine that organizes and provides access to vast information on the internet.,KYMA,,2026-05-12T05:31:36.711317+00:00,headless,1,False,False,,,False,0,0.0,False,,,False,,,none,,False,none
80a669146d40,https://kyma.com/decision-politics/local-politics/2026/05/13/calipatria-city-council-approves-data-center-moratorium-on-heels-of-council-recall-notices,A powerful search engine that organizes and provides access to vast information on the internet.,KYMA,,2026-05-14T11:58:08.742902+00:00,headless,1,False,False,,,False,0,0.0,False,,,False,,,none,,False,none
80eb788a26f4,https://kyma.com/decision-politics/california-politics/2026/05/08/tomas-oliva-is-running-for-californias-36th-state-assembly-district/,Tomas Oliva is running for California’s 36th State Assembly District,KYMA,2026-05-09T00:22:08+00:00,2026-05-12T05:29:23.439044+00:00,rss,1,False,False,3,0.05,False,,,False,,,False,,,none,,False,city
8397506ffb37,https://kyma.com/news/top-stories/2026/05/07/sheriffs-vehicle-government-vehicle-crash-in-winterhaven,A powerful search engine that organizes and provides access to vast information on the internet.,KYMA,,2026-05-12T05:31:55.012832+00:00,headless,1,False,False,,,False,0,0.0,False,,,False,,,none,,False,none
84dbe12ef98f,https://kyma.com/news/imperial-county/2026/04/27/imperial-pd-investigates-inappropriate-recording/,Imperial PD investigates inappropriate recording,KYMA,2026-04-27T20:59:26+00:00,2026-05-12T05:29:23.440924+00:00,rss,1,False,False,3,0.05,False,,,False,,,False,,,none,,False,city
855e16f055fb,https://kyma.com/decision-politics/local-politics/2026/05/13/calipatria-city-council-approves-data-center-moratorium-on-heels-of-council-recall-notices/,Calipatria seeks historic data center moratorium on heels of council recall notices,KYMA,2026-05-13T17:26:28+00:00,2026-05-14T11:56:17.058324+00:00,rss,1,False,False,6,0.1,False,,,False,,,False,,,none,,False,city
8614e59e3201,https://kyma.com/news/imperial-county/2026/05/07/summer-tribute-concert-series-to-be-held-at-quechan-casino-resort/,Summer Tribute Concert Series to be held at Quechan Casino Resort,KYMA,2026-05-07T22:03:32+00:00,2026-05-12T05:29:23.439424+00:00,rss,1,False,False,3,0.05,False,,,False,,,False,,,none,,False,city
874d7d6398a8,https://kyma.com/news/2026/05/12/fire-destroys-blue-church-in-slab-city,A powerful search engine that organizes and provides access to vast information on the internet.,KYMA,,2026-05-13T12:10:46.248070+00:00,headless,1,False,False,,,False,0,0.0,False,,,False,,,none,,False,none
87fb1b8d3e8e,https://kyma.com/decision-politics/local-politics/2026/05/11/rep-raul-ruiz-meets-with-epa-in-calexico-over-new-river-crisis,A powerful search engine that organizes and provides access to vast information on the internet.,KYMA,,2026-05-12T05:31:19.563716+00:00,headless,1,False,False,,,False,0,0.0,False,,,False,,,none,,False,none
8831c0396901,https://kyma.com/noticias-3,A powerful search engine that organizes and provides access to vast information on the internet.,KYMA,,2026-05-12T05:30:15.359574+00:00,headless,1,False,False,,,False,0,0.0,False,,,False,,,none,,False,none
88d01109d334,https://kyma.com/dsw-living/health/2026/05/05/imperial-county-celebrates-mental-health-awareness-month/,Imperial County celebrates Mental Health Awareness Month,KYMA,2026-05-05T18:00:00+00:00,2026-05-12T05:29:23.439917+00:00,rss,1,False,False,6,0.1,False,,,False,,,False,,,none,,False,city
891dd8f3620c,https://news.google.com/rss/articles/CBMiiAFBVV95cUxOVE8yaWVXSUlQejlFS3JCNUxGVGVpam1pN0wtTzNqOFY2N2R3cFVqMlRIUGNQTktWR2M5UlZ2LTk0amZJSHFrQ3gwby1vTjV2NTJrT3laTHpyZWU3dFBvQWk0eUJHM2JHT1Vsa29PNU5LbkQ1VDd5SEN0bW4xS1NhWXBrTWxQZkJK?oc=5,Extreme Heat Warning Issued for Millions as Temperatures Soar to 114 Degrees - AOL.com,Google News,2026-05-11T23:50:21+00:00,2026-05-12T12:01:06.810643+00:00,alerts|llm,2,True,False,,,False,,,False,0.0,,True,15,0.25,none,extreme heat,False,none
8b1be3871631,https://www.ivpressonline.com/news/local/covid19,"EL CENTRO — The county continues to see “a very drastic drop” in COVID-19 cases in recent weeks, county Department of Public Health Director Janette Angulo reported Tuesday to the Board of Supervisors",IV Press,,2026-05-12T05:33:18.474077+00:00,headless,1,False,False,,,False,9,0.15,False,,,False,,,none,,False,city
8f450ce652c9,https://kyma.com/news/imperial-county/2026/05/13/imperial-county-woman-sentenced-to-nine-months-in-jail/,Imperial County woman sentenced to nine months in jail,KYMA,2026-05-13T18:01:02+00:00,2026-05-14T11:56:17.058395+00:00,rss,1,False,False,6,0.1,False,,,False,,,False,,,none,,False,city
92ad9fde8169,https://kyma.com/news/special-reports/2026/05/13/special-report-imperial-county-recognized-for-support-based-mental-health-outreach-as-cities-increase-enforcement,SPECIAL REPORT: Imperial County recognized for support-based mental health outreach as cities increase enforcement,KYMA,,2026-05-14T11:57:59.546153+00:00,headless,1,False,False,,,False,6,0.1,False,,,False,,,none,,False,city
955a96b1e01b,https://kyma.com/news/us-world-news,A powerful search engine that organizes and provides access to vast information on the internet.,KYMA,,2026-05-12T05:30:10.826349+00:00,headless,1,False,False,,,False,0,0.0,False,,,False,,,none,,False,none
96a7b4bbe101,https://kyma.com/about-us/meet-the-team,A powerful search engine that organizes and provides access to vast information on the internet.,KYMA,,2026-05-12T05:30:51.338966+00:00,headless,1,False,False,,,False,0,0.0,False,,,False,,,none,,False,none
98a409eab21d,https://www.ivpressonline.com/news/officials-back-ordinance-to-keep-lithium-valley-jobs-local/article_3ca1c184-2674-4633-a788-f9695c49984d.html,EL CENTRO - The lithium boom coming to Imperial County requires a clear standard for its workforce to ensure quality work through a quality workforce. The Imperial County Board of Supervisors approved,IV Press,,2026-05-12T05:34:20.976191+00:00,headless,1,True,False,,,True,19,0.317,False,,,False,,,none,,True,city
a1cd0b9eb090,https://kyma.com/decision-politics/local-politics/2026/04/22/supervisor-peggy-price-served-with-notice-of-intent-to-recall/,Supervisor Peggy Price served with notice of intent to recall,KYMA,2026-04-22T14:06:51+00:00,2026-05-12T05:29:23.441305+00:00,rss,1,False,False,6,0.1,False,,,False,,,False,,,none,,False,city
a9431b0ebb4f,https://kyma.com/news/top-stories/2026/04/30/fireworks-spectacular-to-be-held-in-calipatria-for-4th-of-july/,Fireworks spectacular to be held in Calipatria for 4th of July,KYMA,2026-04-30T18:38:16+00:00,2026-05-12T05:29:23.440449+00:00,rss,1,False,False,3,0.05,False,,,False,,,False,,,none,,False,city
aa44643f26b5,https://kyma.com/dsw-living/consumer/2026/04/27/iid-launches-2026-summer-savings-initiative/,IID launches 2026 summer savings initiative,KYMA,2026-04-27T17:39:49+00:00,2026-05-12T05:29:23.441139+00:00,rss,1,False,False,3,0.05,False,,,False,,,False,,,none,,False,city
aaaef12ae789,https://www.ivpressonline.com/life/family,"As the holiday season approaches, many consumers are planning to kick off their shopping earlier this year, aiming to lock in low prices, take advantage of promotions, and ensure all their gifts arriv",IV Press,,2026-05-12T05:32:55.737481+00:00,headless,1,False,False,,,False,0,0.0,False,,,False,,,none,,False,none
ac19d44b3122,https://www.ivpressonline.com/news/imperial-county-steps-out-to-break-stigma-at-annual-mental-health-awareness-walk/article_68e92fd7-9eec-4980-9bea-ebc3f1528a40.html,"EL CENTRO — On Thursday morning, the rhythmic sound of footsteps replaced the usual silence surrounding conversations about mental health.",IV Press,,2026-05-12T05:34:16.576550+00:00,headless,1,False,False,,,False,6,0.1,False,,,False,,,none,,False,city
acb3cfe5f596,https://kyma.com/decision-politics/local-politics/2026/05/06/june-ballots-for-imperial-county-races/,June ballots for Imperial County races,KYMA,2026-05-07T00:44:51+00:00,2026-05-12T05:29:23.439622+00:00,rss,1,False,False,6,0.1,False,,,False,,,False,,,none,,False,city
ad13bc7b6d37,https://kyma.com/news/imperial-county/2026/04/29/preliminary-hearing-continues-for-man-accused-of-murdering-missing-teen/,Preliminary hearing continues for man accused of murdering missing teen,KYMA,2026-04-29T20:30:38+00:00,2026-05-12T05:29:23.440524+00:00,rss,1,False,False,6,0.1,False,,,False,,,False,,,none,,False,city
aebe430518a8,https://kyma.com/news/imperial-county/2026/05/12/may-marks-jewish-american-heritage-month/,May marks Jewish American Heritage Month,KYMA,2026-05-13T02:13:28+00:00,2026-05-14T11:56:17.058455+00:00,rss,1,False,False,3,0.05,False,,,False,,,False,,,none,,False,city
b2c5e0f482a2,https://kyma.com/news/imperial-county/2026/05/01/imperial-county-offers-tips-on-safe-bee-removal/,Imperial County offers tips on safe bee removal,KYMA,2026-05-01T21:52:04+00:00,2026-05-12T05:29:23.440203+00:00,rss,1,False,False,6,0.1,False,,,False,,,False,,,none,,False,city
b3340b4bd6d8,https://kyma.com/education/imperial-education/2026/05/06/cuhsd-senior-creates-inclusive-dance-for-esn-students-and-their-families/,CUHSD senior creates inclusive dance for ESN students and their families,KYMA,2026-05-06T17:45:37+00:00,2026-05-12T05:29:23.439804+00:00,rss,1,False,False,3,0.05,False,,,False,,,False,,,none,,False,city
b3a7b521f3bd,https://kyma.com/news/top-stories/2026/05/07/long-trial-expected-for-brawley-couple-accused-of-murdering-child/,Long trial expected for Brawley couple accused of murdering child,KYMA,2026-05-07T22:34:39+00:00,2026-05-12T05:29:23.439313+00:00,rss,1,False,False,3,0.05,False,,,False,,,False,,,none,,False,city
b45d9b4a726a,https://kyma.com/decision-politics/local-politics/2026/05/06/what-imperial-county-voters-need-to-know-as-vote-by-mail-ballots-go-out-ahead-of-california-primary/,What Imperial County voters need to know as vote-by-mail ballots go out ahead of California Primary,KYMA,2026-05-07T02:02:10+00:00,2026-05-12T05:29:23.439571+00:00,rss,1,False,False,6,0.1,False,,,False,,,False,,,none,,False,city
b4b1c8621470,https://kyma.com/news/top-stories/2026/04/29/community-urges-council-to-keep-city-manager/,Community urges Calipatria City Council to keep city manager,KYMA,2026-04-29T18:12:44+00:00,2026-05-12T05:29:23.440583+00:00,rss,1,False,False,3,0.05,False,,,False,,,False,,,none,,False,city
b8dd02a00cf2,https://www.ivpressonline.com/about/feedback.html,Feedback,IV Press,,2026-05-12T05:33:58.889642+00:00,headless,1,False,False,,,False,6,0.1,False,,,False,,,none,,False,city
bca8b5fc2909,https://www.ivpressonline.com/news/cops-briefs-man-arrested-for-terrorist-threats/article_c709d344-ca2a-43b2-9ac3-d09e3d692e33.html,EL CENTRO,IV Press,,2026-05-14T12:00:57.230701+00:00,headless,1,True,False,,,True,16,0.267,False,,,False,,,none,,True,city
c06698d64863,https://kyma.com/videos-and-galleries/live,A powerful search engine that organizes and provides access to vast information on the internet.,KYMA,,2026-05-12T05:30:33.206884+00:00,headless,1,False,False,,,False,0,0.0,False,,,False,,,none,,False,none
c0cb69bf6e73,https://kyma.com/news/top-stories/2026/05/07/ivedc-hosts-roadshow-to-share-potential-imperial-valley-growth/,IVEDC hosts roadshow to share potential Imperial Valley growth,KYMA,2026-05-07T17:44:02+00:00,2026-05-12T05:29:23.439502+00:00,rss,1,False,False,6,0.1,False,,,False,,,False,,,none,,False,city
c1bc100565d6,https://kyma.com/decision-politics/local-politics/2026/04/24/local-nonprofit-launches-initiative-to-push-youth-to-the-polls/,Local nonprofit launches initiative to push youth to the polls,KYMA,2026-04-24T16:19:06+00:00,2026-05-12T05:29:23.441247+00:00,rss,1,False,False,3,0.05,False,,,False,,,False,,,none,,False,city
c42c10053615,https://www.ivpressonline.com/news/calexico-slashes-red-tape-to-spark-historic-core-renaissance/article_d2b9f6ac-c119-4e81-87c2-4da45e4d6366.html,"CALEXICO — In a bold bid to breathe new life into its aging heart, the Calexico City Council has voted to strip away significant financial and regulatory barriers for developers willing to build in th",IV Press,,2026-05-12T05:34:12.129432+00:00,headless,1,False,False,,,False,3,0.05,False,,,False,,,none,,False,city
c4ee8713b454,https://www.ivpressonline.com/news/bridging-the-gap-calexico-east-expansion-wins-top-honors-for-economic-resilience/article_0bb57a5e-73c9-47cd-a3c3-47085d627db8.html,"LOS ANGELES — In a move that highlights the critical link between international trade and local environmental health, the Southern California Association of Governments (SCAG) has honored a massive in",IV Press,,2026-05-13T12:13:37.064565+00:00,headless,1,False,False,,,False,6,0.1,False,,,False,,,none,,False,city
c6e4ec17a037,https://www.ivpressonline.com/news/iid-announces-public-review-and-comment-period-on-proposed-large-load-tariff/article_45d5b4c7-77d1-49eb-ab08-68e963f45cfe.html,Advancing a transparent approach that protects existing customers from cost shifting and respects IID’s commitment to operating and maintaining a reliable grid,IV Press,,2026-05-13T12:13:41.476746+00:00,headless,1,False,False,,,False,3,0.05,False,,,False,,,none,,False,city
c88f23b22c66,https://kyma.com/news/top-stories/2026/05/07/trial-waiting-to-move-forward-for-brawley-murder-suspect/,Trial waiting to move forward for Brawley murder suspect,KYMA,2026-05-07T22:56:06+00:00,2026-05-12T05:29:23.439368+00:00,rss,1,False,False,6,0.1,False,,,False,,,False,,,none,,False,city
cae8a25c8da6,https://www.ivpressonline.com/business/local,"MEXICALI, Mexico — In an increasingly interconnected global economy, international experiences such as dual degrees and academic exchanges have shifted from luxury electives to essential differentiato",IV Press,,2026-05-12T05:32:33.690338+00:00,headless,1,False,False,,,False,6,0.1,False,,,False,,,none,,False,city
d3034584ee4c,https://kyma.com/fox-9,A powerful search engine that organizes and provides access to vast information on the internet.,KYMA,,2026-05-12T05:30:46.742728+00:00,headless,1,False,False,,,False,0,0.0,False,,,False,,,none,,False,none
d31e4aa05a7e,https://kyma.com/news/imperial-county/2026/05/07/summer-tribute-concert-series-to-be-held-at-quechan-casino-resort,A powerful search engine that organizes and provides access to vast information on the internet.,KYMA,,2026-05-12T05:32:12.803836+00:00,headless,1,False,False,,,False,0,0.0,False,,,False,,,none,,False,none
d72f667db5c4,https://kyma.com/decision-politics/local-politics/2026/04/28/president-trump-moves-to-reclassify-state-licensed-medical-marijuana/,President Trump moves to reclassify state-licensed medical marijuana,KYMA,2026-04-28T16:52:05+00:00,2026-05-12T05:29:23.440762+00:00,rss,1,False,False,0,0.0,False,,,False,,,False,,,none,,False,none
d7a091bf2f1f,https://kyma.com/news/top-stories/2026/05/07/trial-waiting-to-move-forward-for-brawley-murder-suspect,A powerful search engine that organizes and provides access to vast information on the internet.,KYMA,,2026-05-12T05:32:08.309195+00:00,headless,1,False,False,,,False,0,0.0,False,,,False,,,none,,False,none
d7e7d6ec14ad,https://www.ivpressonline.com/news/imperial-valley-students-secure-top-honors-at-state-migrant-speech-and-debate-competition/article_804b7858-e3cb-4124-9e1d-32e7c53b409a.html,"EL CENTRO — A group of 17 local students proved that the Imperial Valley’s voices carry significant weight, returning from Monterey this month with a haul of state-level trophies.",IV Press,,2026-05-12T12:05:25.797697+00:00,headless,1,False,False,,,False,6,0.1,False,,,False,,,none,,False,city
d9a596a5b8e1,https://kyma.com/news/breaking-news/2026/04/30/investigators-testify-in-preliminary-hearing-of-man-accused-of-murdering-missing-teen/,Judge agrees to head to trial for man accused of murdering missing teen,KYMA,2026-04-30T21:29:37+00:00,2026-05-12T05:29:23.440338+00:00,rss,1,False,False,0,0.0,False,,,False,,,False,,,none,,False,none
db697f4697c5,https://www.ivpressonline.com/news/local/waterandpower,"CALEXICO — The IID held a ribbon-cutting ceremony for its Gateway Substation upgrade project on Friday, March 6, near the East Port of Entry in Calexico.",IV Press,,2026-05-12T05:33:13.948180+00:00,headless,1,False,False,,,False,6,0.1,False,,,False,,,none,,False,city
dc057b220017,https://kyma.com/news/california-news/2026/04/23/journalist-files-lawsuit-against-imperial-county-over-records-request/,Journalist files lawsuit against Imperial County over records request,KYMA,2026-04-23T17:51:34+00:00,2026-05-12T05:29:23.441366+00:00,rss,1,False,False,6,0.1,False,,,False,,,False,,,none,,False,city
dc2bee93486f,https://kyma.com/news/special-reports/2026/05/07/salton-city-a-food-desert,Salton City: A food desert,KYMA,,2026-05-12T05:31:59.569537+00:00,headless,1,False,False,,,False,6,0.1,False,,,False,,,none,,False,city
dcdb1a113913,https://kyma.com/noticias-3/clima,A powerful search engine that organizes and provides access to vast information on the internet.,KYMA,,2026-05-12T05:30:19.557557+00:00,headless,1,False,False,,,False,0,0.0,False,,,False,,,none,,False,none
dfefad53f722,https://kyma.com/news/2026/05/12/may-marks-jewish-american-heritage-month,May marks Jewish American Heritage Month,KYMA,,2026-05-13T12:10:37.206761+00:00,headless,1,False,False,,,False,6,0.1,False,,,False,,,none,,False,city
e0639e590265,https://www.ivpressonline.com/news/local/education,education,IV Press,,2026-05-12T05:32:51.237707+00:00,headless,1,False,False,,,False,0,0.0,False,,,False,,,none,,False,none
e0690b2bf0e2,https://www.ivpressonline.com/news/westmorland-to-host-critical-forum-on-california-s-drive-forward-clean-air-initiative/article_2e231bda-aa35-4c34-9455-c1f15aa7d87a.html,article 2e231bda aa35 4c34 9455 c1f15aa7d87a.html,IV Press,,2026-05-14T12:01:05.494922+00:00,headless,1,False,False,,,False,0,0.0,False,,,False,,,none,,False,none
e0aac65162e5,https://www.ivpressonline.com/news/local,"CALEXICO — In a bold bid to breathe new life into its aging heart, the Calexico City Council has voted to strip away significant financial and regulatory barriers for developers willing to build in th",IV Press,,2026-05-12T05:32:29.147882+00:00,headless,1,False,False,,,False,6,0.1,False,,,False,,,none,,False,city
e7de0841f16e,https://www.ivpressonline.com/news/nalc-collects-1-500-pounds-of-food/article_6a3bfb26-01ed-4058-85e6-ccb41ead7863.html,Members of the National Association of Letter Carriers Branch 1726 of the El Centro Post Office announced that this year’s Stamp Out Hunger Food Drive was a massive success.,IV Press,,2026-05-12T12:05:13.449059+00:00,headless,1,False,False,,,False,6,0.1,False,,,False,,,none,,False,city
eb3209c4999c,https://www.ivpressonline.com/classifieds/jobs,CLASSIFIED POSITION,IV Press,,2026-05-12T05:33:54.513800+00:00,headless,1,False,False,,,False,3,0.05,False,,,False,,,none,,False,city
ee5083c34116,https://kyma.com/news/2026/05/12/fire-destroys-blue-church-in-slab-city/,Fire destroys Blue Church in Slab City,KYMA,2026-05-12T23:43:33+00:00,2026-05-13T12:09:00.173899+00:00,rss,1,False,False,6,0.1,False,,,False,,,False,,,none,,False,city
f03acf22b9a1,https://kyma.com/news/imperial-county/2026/05/09/parts-of-imperial-county-experiences-multiple-earthquakes,A powerful search engine that organizes and provides access to vast information on the internet.,KYMA,,2026-05-12T05:31:41.205291+00:00,headless,1,False,False,,,False,0,0.0,False,,,False,,,none,,False,none
f074b3472067,https://kyma.com/news/imperial-county/2026/05/04/locals-in-westmorland-attend-cinco-de-mayo-lowrider-car-show/,Locals in Westmorland attend Cinco de Mayo Lowrider Car Show,KYMA,2026-05-04T21:00:31+00:00,2026-05-12T05:29:23.440034+00:00,rss,1,False,False,6,0.1,False,,,False,,,False,,,none,,False,city
f1de858611b6,https://kyma.com/about-us/closed-captioning,A powerful search engine that organizes and provides access to vast information on the internet.,KYMA,,2026-05-12T05:30:56.096376+00:00,headless,1,False,False,,,False,0,0.0,False,,,False,,,none,,False,none
f39ae3be2a55,https://kyma.com/news/imperial-county/2026/05/10/icfd-responds-to-commercial-kitchen-blaze/,ICFD responds to commercial kitchen blaze,KYMA,2026-05-10T21:20:26+00:00,2026-05-12T05:29:23.438916+00:00,rss,1,False,False,6,0.1,False,,,False,,,False,,,none,,False,city
f5f82071c0b4,https://kyma.com/news/top-stories/2026/05/11/newly-built-bus-station-begins-operations-in-calexico,A powerful search engine that organizes and provides access to vast information on the internet.,KYMA,,2026-05-12T05:31:10.046136+00:00,headless,1,False,False,,,False,0,0.0,False,,,False,,,none,,False,none
f6385f5df10e,https://kyma.com/news/imperial-county/2026/05/12/fire-destroys-blue-church-in-slab-city/,Fire destroys Blue Church in Slab City,KYMA,2026-05-12T23:43:33+00:00,2026-05-14T11:56:17.058574+00:00,rss,1,False,False,6,0.1,False,,,False,,,False,,,none,,False,city
f72473d57fb4,https://www.ivpressonline.com/news/imperial-county-to-consider-milestone-lithium-valley-workforce-ordinance/article_9467488a-e7af-4dc6-aa8e-c5685dd48b61.html,"EL CENTRO — As the morning sun climbs over the Imperial Valley this Tuesday, the Board of Supervisors will convene a meeting that balances the sentimental with the transformational, weighing a new fut",IV Press,,2026-05-12T12:05:21.677105+00:00,headless,1,False,False,,,False,6,0.1,False,,,False,,,none,,False,city
f7eb73afb4ff,https://kyma.com/milan-cortina-olympics-2026,A powerful search engine that organizes and provides access to vast information on the internet.,KYMA,,2026-05-12T05:30:01.665791+00:00,headless,1,False,False,,,False,0,0.0,False,,,False,,,none,,False,none
fa2c51df6138,https://kyma.com/news/top-stories/2026/04/27/car-crash-on-state-route-111-leaves-one-person-dead/,Car crash on State Route 111 leaves one person dead,KYMA,2026-04-28T00:34:50+00:00,2026-05-12T05:29:23.440865+00:00,rss,1,False,False,0,0.0,False,,,False,,,False,,,none,,False,none
fa86e79105d7,https://kyma.com/crashes/2026/05/12/man-dies-after-broadside-car-crash-on-state-route-86,A powerful search engine that organizes and provides access to vast information on the internet.,KYMA,,2026-05-14T11:58:21.439108+00:00,headless,1,False,False,,,False,0,0.0,False,,,False,,,none,,False,none
fb66c9ca5909,https://www.ivpressonline.com/users/admin,admin,IV Press,,2026-05-12T05:32:20.252482+00:00,headless,1,False,False,,,False,0,0.0,False,,,False,,,none,,False,none
fbbbbbccb194,https://www.ivpressonline.com/business/profiles,profiles,IV Press,,2026-05-12T05:32:37.941430+00:00,headless,1,False,False,,,False,0,0.0,False,,,False,,,none,,False,none
fd115e49d2d7,https://www.ivpressonline.com/news/mexican-consulate-and-legacy-medical-group-unveil-la-trenza-photo-exhibit/article_43466c74-58f7-4bbd-964e-fcaa8bb92618.html,"EL CENTRO — In a vibrant intersection of healthcare and heritage, the Consulate of Mexico in Calexico joined forces with Legacy Medical Group this week to unveil “La Trenza” (The Braid), a powerful ph",IV Press,,2026-05-14T12:00:53.070437+00:00,headless,1,False,False,,,False,6,0.1,False,,,False,,,none,,False,city
