article_id,url,title,source,published_date,retrieved_date,score,relevant,confidence,heat_terms_found,incident_type,is_occupational,location_specificity,summary,architecture,full_text_fetched
1e8b01f0fc0a,https://kyma.com/news/top-stories/2026/05/11/newly-built-bus-station-begins-operations-in-calexico/,Newly built bus station begins operations in Calexico,KYMA,2026-05-11T21:03:50+00:00,2026-05-12T05:29:23.438576+00:00,3,False,0.05,,none,False,city,,rss,True
33e5d931c783,https://kyma.com/decision-politics/local-politics/2026/05/11/rep-raul-ruiz-meets-with-epa-in-calexico-over-new-river-crisis/,Rep. Raul Ruiz meets with EPA in Calexico over New River crisis,KYMA,2026-05-11T19:07:27+00:00,2026-05-12T05:29:23.438658+00:00,6,False,0.1,,none,False,city,,rss,True
3287cdd47afa,https://kyma.com/news/imperial-county/2026/05/11/raising-canes-set-to-make-imperial-valley-debut-in-el-centro/,Raising Cane’s set to make Imperial Valley debut in El Centro,KYMA,2026-05-11T17:32:03+00:00,2026-05-12T05:29:23.438735+00:00,6,False,0.1,,none,False,city,,rss,True
7078516755d3,https://kyma.com/news/imperial-county/2026/05/11/ross-avenue-in-el-centro-to-temporarily-close-due-to-road-work/,Ross Avenue in El Centro to temporarily close due to road work,KYMA,2026-05-11T14:57:56+00:00,2026-05-12T05:29:23.438796+00:00,6,False,0.1,,none,False,city,,rss,True
28fefe09eece,https://kyma.com/news/imperial-county/2026/05/10/city-of-brawley-reacts-to-experiencing-multiple-earthquakes/,City of Brawley reacts to experiencing multiple earthquakes,KYMA,2026-05-11T00:00:08+00:00,2026-05-12T05:29:23.438858+00:00,6,False,0.1,,none,False,city,,rss,True
f39ae3be2a55,https://kyma.com/news/imperial-county/2026/05/10/icfd-responds-to-commercial-kitchen-blaze/,ICFD responds to commercial kitchen blaze,KYMA,2026-05-10T21:20:26+00:00,2026-05-12T05:29:23.438916+00:00,6,False,0.1,,none,False,city,,rss,True
354e38c5da38,https://kyma.com/news/imperial-county/2026/05/09/parts-of-imperial-county-experiences-multiple-earthquakes/,Parts of Imperial County experiences multiple earthquakes,KYMA,2026-05-10T00:39:05+00:00,2026-05-12T05:29:23.438970+00:00,6,False,0.1,,none,False,city,,rss,True
80eb788a26f4,https://kyma.com/decision-politics/california-politics/2026/05/08/tomas-oliva-is-running-for-californias-36th-state-assembly-district/,Tomas Oliva is running for California’s 36th State Assembly District,KYMA,2026-05-09T00:22:08+00:00,2026-05-12T05:29:23.439044+00:00,3,False,0.05,,none,False,city,,rss,True
5a09391199cc,https://kyma.com/news/top-stories/2026/05/08/from-donation-bin-to-the-job-market-how-goodwill-is-fueling-careers-in-the-imperial-valley/,From donation bin to the job market: How Goodwill is fueling careers in the Imperial Valley,KYMA,2026-05-09T02:32:16+00:00,2026-05-12T05:29:23.439118+00:00,6,False,0.1,,none,False,city,,rss,True
607b143d4247,https://kyma.com/news/top-stories/2026/05/07/sheriffs-vehicle-government-vehicle-crash-in-winterhaven/,"Sheriff’s vehicle, government vehicle crash in Winterhaven",KYMA,2026-05-08T05:01:20+00:00,2026-05-12T05:29:23.439193+00:00,3,False,0.05,,none,False,city,,rss,True
69b292cc1396,https://kyma.com/news/special-reports/2026/05/07/salton-city-a-food-desert/,Salton City: A food desert,KYMA,2026-05-08T02:35:26+00:00,2026-05-12T05:29:23.439245+00:00,6,False,0.1,,none,False,city,,rss,True
b3a7b521f3bd,https://kyma.com/news/top-stories/2026/05/07/long-trial-expected-for-brawley-couple-accused-of-murdering-child/,Long trial expected for Brawley couple accused of murdering child,KYMA,2026-05-07T22:34:39+00:00,2026-05-12T05:29:23.439313+00:00,3,False,0.05,,none,False,city,,rss,True
c88f23b22c66,https://kyma.com/news/top-stories/2026/05/07/trial-waiting-to-move-forward-for-brawley-murder-suspect/,Trial waiting to move forward for Brawley murder suspect,KYMA,2026-05-07T22:56:06+00:00,2026-05-12T05:29:23.439368+00:00,6,False,0.1,,none,False,city,,rss,True
8614e59e3201,https://kyma.com/news/imperial-county/2026/05/07/summer-tribute-concert-series-to-be-held-at-quechan-casino-resort/,Summer Tribute Concert Series to be held at Quechan Casino Resort,KYMA,2026-05-07T22:03:32+00:00,2026-05-12T05:29:23.439424+00:00,3,False,0.05,,none,False,city,,rss,True
c0cb69bf6e73,https://kyma.com/news/top-stories/2026/05/07/ivedc-hosts-roadshow-to-share-potential-imperial-valley-growth/,IVEDC hosts roadshow to share potential Imperial Valley growth,KYMA,2026-05-07T17:44:02+00:00,2026-05-12T05:29:23.439502+00:00,6,False,0.1,,none,False,city,,rss,True
b45d9b4a726a,https://kyma.com/decision-politics/local-politics/2026/05/06/what-imperial-county-voters-need-to-know-as-vote-by-mail-ballots-go-out-ahead-of-california-primary/,What Imperial County voters need to know as vote-by-mail ballots go out ahead of California Primary,KYMA,2026-05-07T02:02:10+00:00,2026-05-12T05:29:23.439571+00:00,6,False,0.1,,none,False,city,,rss,True
acb3cfe5f596,https://kyma.com/decision-politics/local-politics/2026/05/06/june-ballots-for-imperial-county-races/,June ballots for Imperial County races,KYMA,2026-05-07T00:44:51+00:00,2026-05-12T05:29:23.439622+00:00,6,False,0.1,,none,False,city,,rss,True
16184587d0ed,https://kyma.com/news/imperial-county/2026/05/06/imperial-county-man-arrested-for-robbery-facing-additional-charges/,Imperial County man arrested for robbery facing additional charges,KYMA,2026-05-07T00:10:02+00:00,2026-05-12T05:29:23.439682+00:00,6,False,0.1,,none,False,city,,rss,True
5403092bc398,https://kyma.com/news/imperial-county/2026/05/06/imperial-county-board-approves-mandatory-trash-collection-and-rate-hikes/,Imperial County Board approves mandatory trash collection and rate hikes,KYMA,2026-05-06T17:54:11+00:00,2026-05-12T05:29:23.439740+00:00,6,False,0.1,,none,False,city,,rss,True
b3340b4bd6d8,https://kyma.com/education/imperial-education/2026/05/06/cuhsd-senior-creates-inclusive-dance-for-esn-students-and-their-families/,CUHSD senior creates inclusive dance for ESN students and their families,KYMA,2026-05-06T17:45:37+00:00,2026-05-12T05:29:23.439804+00:00,3,False,0.05,,none,False,city,,rss,True
636f76cab1a1,https://kyma.com/the-good-stuff/holiday/2026/05/05/imperial-valley-college-celebrates-cinco-de-mayo/,Imperial Valley College celebrates Cinco de Mayo,KYMA,2026-05-06T02:38:36+00:00,2026-05-12T05:29:23.439861+00:00,6,False,0.1,,none,False,city,,rss,True
88d01109d334,https://kyma.com/dsw-living/health/2026/05/05/imperial-county-celebrates-mental-health-awareness-month/,Imperial County celebrates Mental Health Awareness Month,KYMA,2026-05-05T18:00:00+00:00,2026-05-12T05:29:23.439917+00:00,6,False,0.1,,none,False,city,,rss,True
3ad90c617bc7,https://kyma.com/news/imperial-county/2026/05/05/city-of-el-centro-to-host-opening-of-immersive-art-exhibition/,City of El Centro to host opening of immersive art exhibition,KYMA,2026-05-05T18:12:22+00:00,2026-05-12T05:29:23.439980+00:00,6,False,0.1,,none,False,city,,rss,True
f074b3472067,https://kyma.com/news/imperial-county/2026/05/04/locals-in-westmorland-attend-cinco-de-mayo-lowrider-car-show/,Locals in Westmorland attend Cinco de Mayo Lowrider Car Show,KYMA,2026-05-04T21:00:31+00:00,2026-05-12T05:29:23.440034+00:00,6,False,0.1,,none,False,city,,rss,True
61231dcd952c,https://kyma.com/news/imperial-county/2026/05/04/city-of-el-centro-to-host-community-meeting-on-city-budget/,City of El Centro to host community meeting on city budget,KYMA,2026-05-04T18:08:14+00:00,2026-05-12T05:29:23.440092+00:00,6,False,0.1,,none,False,city,,rss,True
1a3e1c1f0c6d,https://kyma.com/news/imperial-county/2026/05/04/emilio-nares-foundation-increases-local-presence-for-pediatric-care/,Emilio Nares Foundation increases local presence for pediatric care,KYMA,2026-05-04T17:50:08+00:00,2026-05-12T05:29:23.440150+00:00,3,False,0.05,,none,False,city,,rss,True
b2c5e0f482a2,https://kyma.com/news/imperial-county/2026/05/01/imperial-county-offers-tips-on-safe-bee-removal/,Imperial County offers tips on safe bee removal,KYMA,2026-05-01T21:52:04+00:00,2026-05-12T05:29:23.440203+00:00,6,False,0.1,,none,False,city,,rss,True
573cbcf52131,https://kyma.com/news/top-stories/2026/05/01/imperial-county-public-health-and-law-enforcement-host-stop-look-lock/,Imperial County Public Health and Law Enforcement host ‘STOP. LOOK. LOCK’,KYMA,2026-05-01T17:43:53+00:00,2026-05-12T05:29:23.440275+00:00,21,True,0.35,heatstroke,illness,False,city,,rss,True
d9a596a5b8e1,https://kyma.com/news/breaking-news/2026/04/30/investigators-testify-in-preliminary-hearing-of-man-accused-of-murdering-missing-teen/,Judge agrees to head to trial for man accused of murdering missing teen,KYMA,2026-04-30T21:29:37+00:00,2026-05-12T05:29:23.440338+00:00,0,False,0.0,,none,False,none,,rss,True
2ac493054256,https://kyma.com/news/top-stories/2026/04/30/brawley-coupled-charged-with-child-murder-has-no-set-preliminary-hearing-date/,Brawley coupled charged with child murder has no set preliminary hearing date,KYMA,2026-04-30T21:04:05+00:00,2026-05-12T05:29:23.440395+00:00,3,False,0.05,,none,False,city,,rss,True
a9431b0ebb4f,https://kyma.com/news/top-stories/2026/04/30/fireworks-spectacular-to-be-held-in-calipatria-for-4th-of-july/,Fireworks spectacular to be held in Calipatria for 4th of July,KYMA,2026-04-30T18:38:16+00:00,2026-05-12T05:29:23.440449+00:00,3,False,0.05,,none,False,city,,rss,True
ad13bc7b6d37,https://kyma.com/news/imperial-county/2026/04/29/preliminary-hearing-continues-for-man-accused-of-murdering-missing-teen/,Preliminary hearing continues for man accused of murdering missing teen,KYMA,2026-04-29T20:30:38+00:00,2026-05-12T05:29:23.440524+00:00,6,False,0.1,,none,False,city,,rss,True
b4b1c8621470,https://kyma.com/news/top-stories/2026/04/29/community-urges-council-to-keep-city-manager/,Community urges Calipatria City Council to keep city manager,KYMA,2026-04-29T18:12:44+00:00,2026-05-12T05:29:23.440583+00:00,3,False,0.05,,none,False,city,,rss,True
2de2875b54ec,https://kyma.com/decision-politics/local-politics/2026/04/28/congressman-ruiz-secures-commitment-to-new-river-crisis/,Rep. Raul Ruiz secures commitment to New River crisis,KYMA,2026-04-28T22:55:34+00:00,2026-05-12T05:29:23.440642+00:00,0,False,0.0,,none,False,none,,rss,True
5532e7c3b3ed,https://kyma.com/news/imperial-county/2026/04/28/preliminary-hearing-underway-for-man-accused-of-murdering-missing-teen/,Preliminary hearing underway for man accused of murdering missing teen,KYMA,2026-04-28T17:57:51+00:00,2026-05-12T05:29:23.440696+00:00,6,False,0.1,,none,False,city,,rss,True
d72f667db5c4,https://kyma.com/decision-politics/local-politics/2026/04/28/president-trump-moves-to-reclassify-state-licensed-medical-marijuana/,President Trump moves to reclassify state-licensed medical marijuana,KYMA,2026-04-28T16:52:05+00:00,2026-05-12T05:29:23.440762+00:00,0,False,0.0,,none,False,none,,rss,True
260a566b2d41,https://kyma.com/news/imperial-county/2026/04/28/calexico-10-theatres-to-close-its-doors/,Calexico 10 Theatres to close its doors,KYMA,2026-04-28T15:14:58+00:00,2026-05-12T05:29:23.440814+00:00,6,False,0.1,,none,False,city,,rss,True
fa2c51df6138,https://kyma.com/news/top-stories/2026/04/27/car-crash-on-state-route-111-leaves-one-person-dead/,Car crash on State Route 111 leaves one person dead,KYMA,2026-04-28T00:34:50+00:00,2026-05-12T05:29:23.440865+00:00,0,False,0.0,,none,False,none,,rss,True
84dbe12ef98f,https://kyma.com/news/imperial-county/2026/04/27/imperial-pd-investigates-inappropriate-recording/,Imperial PD investigates inappropriate recording,KYMA,2026-04-27T20:59:26+00:00,2026-05-12T05:29:23.440924+00:00,3,False,0.05,,none,False,city,,rss,True
3c9466c518e8,https://kyma.com/decision-politics/local-politics/2026/04/27/efforts-to-recall-peggy-price-hits-road-bump/,Efforts to recall Peggy Price hits road bump,KYMA,2026-04-27T20:14:27+00:00,2026-05-12T05:29:23.440974+00:00,3,False,0.05,,none,False,city,,rss,True
7d63353f6d5a,https://kyma.com/news/imperial-county/2026/04/27/iid-hosts-earth-day-celebration/,IID hosts Earth Day celebration,KYMA,2026-04-27T20:06:01+00:00,2026-05-12T05:29:23.441028+00:00,3,False,0.05,,none,False,city,,rss,True
7d3adbc91ffd,https://kyma.com/news/imperial-county/2026/04/27/mccabe-road-closed-due-to-road-damage/,McCabe Road closed due to road damage,KYMA,2026-04-27T18:15:20+00:00,2026-05-12T05:29:23.441086+00:00,3,False,0.05,,none,False,city,,rss,True
aa44643f26b5,https://kyma.com/dsw-living/consumer/2026/04/27/iid-launches-2026-summer-savings-initiative/,IID launches 2026 summer savings initiative,KYMA,2026-04-27T17:39:49+00:00,2026-05-12T05:29:23.441139+00:00,3,False,0.05,,none,False,city,,rss,True
70cbecdfb0e4,https://kyma.com/news/imperial-county/2026/04/27/el-centro-aquatic-center-to-close-for-repairs/,El Centro Aquatic Center to close for repairs,KYMA,2026-04-27T16:26:48+00:00,2026-05-12T05:29:23.441192+00:00,6,False,0.1,,none,False,city,,rss,True
c1bc100565d6,https://kyma.com/decision-politics/local-politics/2026/04/24/local-nonprofit-launches-initiative-to-push-youth-to-the-polls/,Local nonprofit launches initiative to push youth to the polls,KYMA,2026-04-24T16:19:06+00:00,2026-05-12T05:29:23.441247+00:00,3,False,0.05,,none,False,city,,rss,True
a1cd0b9eb090,https://kyma.com/decision-politics/local-politics/2026/04/22/supervisor-peggy-price-served-with-notice-of-intent-to-recall/,Supervisor Peggy Price served with notice of intent to recall,KYMA,2026-04-22T14:06:51+00:00,2026-05-12T05:29:23.441305+00:00,6,False,0.1,,none,False,city,,rss,True
dc057b220017,https://kyma.com/news/california-news/2026/04/23/journalist-files-lawsuit-against-imperial-county-over-records-request/,Journalist files lawsuit against Imperial County over records request,KYMA,2026-04-23T17:51:34+00:00,2026-05-12T05:29:23.441366+00:00,6,False,0.1,,none,False,city,,rss,True
3b1a91d5685e,https://kyma.com/news/imperial-county/2026/04/23/brawley-middle-schools-face-off-in-flag-football/,Brawley middle schools face off in flag football,KYMA,2026-04-23T17:51:26+00:00,2026-05-12T05:29:23.441418+00:00,6,False,0.1,,none,False,city,,rss,True
5242b5ce4b63,https://kyma.com/news/imperial-county/2026/04/22/iid-board-approves-summer-bill-credits-to-customers/,IID Board approves summer bill credits to customers,KYMA,2026-04-22T18:29:26+00:00,2026-05-12T05:29:23.441488+00:00,3,False,0.05,,none,False,city,,rss,True
558f7db078ff,https://kyma.com/news/2026/04/27/contest-guess-when-we-hit-111-degrees-2026/,CONTEST: Guess When We Hit 111 Degrees 2026,KYMA,2026-04-27T19:08:46+00:00,2026-05-12T05:29:23.441546+00:00,3,False,0.05,,none,False,city,,rss,True
3565a9371393,https://kyma.com/news/2026/05/12/may-marks-jewish-american-heritage-month/,May marks Jewish American Heritage Month,KYMA,2026-05-13T02:13:28+00:00,2026-05-13T12:09:00.173817+00:00,6,False,0.1,,none,False,city,,rss,True
ee5083c34116,https://kyma.com/news/2026/05/12/fire-destroys-blue-church-in-slab-city/,Fire destroys Blue Church in Slab City,KYMA,2026-05-12T23:43:33+00:00,2026-05-13T12:09:00.173899+00:00,6,False,0.1,,none,False,city,,rss,True
59f89e5651a8,https://kyma.com/news/imperial-county/2026/05/12/el-centro-welcomes-raising-canes-with-open-arms-and-long-lines/,El Centro welcomes Raising Cane’s with open arms and long lines,KYMA,2026-05-12T17:03:39+00:00,2026-05-13T12:09:00.173975+00:00,6,False,0.1,,none,False,city,,rss,True
08747046ee7d,https://kyma.com/news/special-reports/2026/05/13/special-report-imperial-county-recognized-for-support-based-mental-health-outreach-as-cities-increase-enforcement/,SPECIAL REPORT: Imperial County recognized for support-based mental health outreach as cities increase enforcement,KYMA,2026-05-14T06:34:26+00:00,2026-05-14T11:56:17.058229+00:00,6,False,0.1,,none,False,city,,rss,True
855e16f055fb,https://kyma.com/decision-politics/local-politics/2026/05/13/calipatria-city-council-approves-data-center-moratorium-on-heels-of-council-recall-notices/,Calipatria seeks historic data center moratorium on heels of council recall notices,KYMA,2026-05-13T17:26:28+00:00,2026-05-14T11:56:17.058324+00:00,6,False,0.1,,none,False,city,,rss,True
8f450ce652c9,https://kyma.com/news/imperial-county/2026/05/13/imperial-county-woman-sentenced-to-nine-months-in-jail/,Imperial County woman sentenced to nine months in jail,KYMA,2026-05-13T18:01:02+00:00,2026-05-14T11:56:17.058395+00:00,6,False,0.1,,none,False,city,,rss,True
aebe430518a8,https://kyma.com/news/imperial-county/2026/05/12/may-marks-jewish-american-heritage-month/,May marks Jewish American Heritage Month,KYMA,2026-05-13T02:13:28+00:00,2026-05-14T11:56:17.058455+00:00,3,False,0.05,,none,False,city,,rss,True
1416a7146f7f,https://kyma.com/crashes/2026/05/12/man-dies-after-broadside-car-crash-on-state-route-86/,Man dies after broadside car crash on State Route 86,KYMA,2026-05-13T00:43:26+00:00,2026-05-14T11:56:17.058519+00:00,0,False,0.0,,none,False,none,,rss,True
f6385f5df10e,https://kyma.com/news/imperial-county/2026/05/12/fire-destroys-blue-church-in-slab-city/,Fire destroys Blue Church in Slab City,KYMA,2026-05-12T23:43:33+00:00,2026-05-14T11:56:17.058574+00:00,6,False,0.1,,none,False,city,,rss,True
ffd5e0e212d2,https://kyma.com/news/top-stories/2026/05/14/calipatria-city-council-reverses-decision-votes-to-keep-city-manager-laura-gutierrez/,"Calipatria City Council reverses decision, votes to keep city manager Laura Gutierrez",KYMA,2026-05-14T15:40:48+00:00,2026-05-15T11:59:06.300451+00:00,3,False,0.05,,none,False,city,,rss,True
74d9ba086582,https://kyma.com/news/2026/05/14/imperial-county-board-of-supervisors-approves-lithium-valley-workforce-plan/,Imperial County Board of Supervisors Approves Lithium Valley Workforce Plan,KYMA,2026-05-15T00:19:01+00:00,2026-05-15T11:59:06.300668+00:00,6,False,0.1,,none,False,city,,rss,True
cf02a44fb395,https://kyma.com/news/top-stories/2026/05/15/el-centro-police-find-suspect-involved-in-fatal-hit-and-run-on-imperial-avenue/,El Centro police find suspect involved in fatal hit-and-run on Imperial Avenue,KYMA,2026-05-15T22:58:54+00:00,2026-05-16T11:06:06.590030+00:00,9,False,0.15,,none,False,city,,rss,True
a92ac3301c54,https://kyma.com/news/2026/05/15/imperial-schools-concerned-about-data-centers-impacting-community/,Imperial school officials concerned about data centers impacting community,KYMA,2026-05-15T19:00:22+00:00,2026-05-16T11:06:06.590133+00:00,6,False,0.1,,none,False,city,,rss,True
89caa81f9bfe,https://kyma.com/news/2026/05/15/imperial-county-board-approves-mandatory-trash-collection-and-rate-hikes-2/,Imperial County Board approves mandatory trash collection and rate hikes,KYMA,2026-05-15T18:49:33+00:00,2026-05-16T11:06:06.590202+00:00,6,False,0.1,,none,False,city,,rss,True
c20a6c4fd487,https://kyma.com/education/imperial-education/2026/05/16/33-ivc-students-receive-new-laptops/,33 IVC students receive new laptops,KYMA,2026-05-16T22:43:44+00:00,2026-05-17T11:13:26.617998+00:00,3,False,0.05,,none,False,city,,rss,True
58c28b36a69b,https://kyma.com/news/imperial-county/2026/05/16/main-street-in-el-centro-to-temporarily-close-for-embellece-el-centro-downtown-project/,Main Street in El Centro to temporarily close for ‘Embellece El Centro’ Downtown Project,KYMA,2026-05-16T21:59:26+00:00,2026-05-17T11:13:26.618095+00:00,6,False,0.1,,none,False,city,,rss,True
aa6615b243c7,https://kyma.com/education/imperial-education/2026/05/15/imperial-schools-concerned-about-data-centers-impacting-community/,Imperial school officials concerned about data centers impacting community,KYMA,2026-05-15T19:00:22+00:00,2026-05-17T11:13:26.618247+00:00,3,False,0.05,,none,False,city,,rss,True
5578721cd609,https://kyma.com/news/imperial-county/2026/05/15/imperial-county-board-approves-mandatory-trash-collection-and-rate-hikes-2/,Imperial County Board approves mandatory trash collection and rate hikes,KYMA,2026-05-15T18:49:33+00:00,2026-05-17T11:13:26.618311+00:00,6,False,0.1,,none,False,city,,rss,True
b396edf144d0,https://kyma.com/decision-politics/local-politics/2026/05/14/calipatria-city-council-reverses-decision-votes-to-keep-city-manager-laura-gutierrez/,"Calipatria City Council reverses decision, votes to keep City Manager Laura Gutierrez",KYMA,2026-05-14T15:40:48+00:00,2026-05-17T11:13:26.618375+00:00,3,False,0.05,,none,False,city,,rss,True
132d4acb51aa,https://kyma.com/news/imperial-county/2026/05/14/imperial-county-board-of-supervisors-approves-lithium-valley-workforce-plan/,Imperial County Board of Supervisors approves Lithium Valley Workforce Plan,KYMA,2026-05-15T00:19:01+00:00,2026-05-17T11:13:26.618509+00:00,6,False,0.1,,none,False,city,,rss,True
cf609ebb454b,https://www.ivpressonline.com/online_features/press_releases/venus-williams-gives-lmu-graduates-a-lesson-in-winning-big/article_31da484c-751e-5cc0-adc6-f0d868bbe9e8.html,"Venus Williams Gives LMU Graduates a Lesson in ""Winning Big""",IV Press,2026-05-16T22:57:00+00:00,2026-05-17T11:13:29.019338+00:00,0,False,0.0,,none,False,none,,rss,True
aeea5784e3e5,https://www.ivpressonline.com/online_features/tech_talk_and_innovation/top-five-questions-to-ask-an-online-school/article_16c09233-a508-5c90-a1cf-4f2f5fcc4649.html,Top Five Questions to Ask an Online School,IV Press,2026-05-16T08:00:00+00:00,2026-05-17T11:13:29.019396+00:00,0,False,0.0,,none,False,none,,rss,True
44ccfc4be365,https://www.ivpressonline.com/online_features/community_cares/the-health-exam-many-don-t-know-they-need/article_b1ac095c-ab92-5e1f-9ee6-befe3d0ee28b.html,The Health Exam Many Don’t Know They Need,IV Press,2026-05-16T08:00:00+00:00,2026-05-17T11:13:29.019446+00:00,0,False,0.0,,none,False,none,,rss,True
dae1579d05fa,https://www.ivpressonline.com/online_features/community_cares/teens-don-t-worry-about-ai-should-they/article_2423a609-e991-50b7-914b-6d7a95bb4cdd.html,Teens Don‘t Worry  About AI. Should They?,IV Press,2026-05-16T08:00:00+00:00,2026-05-17T11:13:29.019496+00:00,0,False,0.0,,none,False,none,,rss,True
75a6a2c14cdd,https://www.ivpressonline.com/online_features/fashion_beauty_fitness/how-dental-care-has-changed-over-the-last-century/article_139ed4f6-2bfe-50c0-8f0c-2812ce183126.html,How Dental Care Has Changed Over the Last Century,IV Press,2026-05-16T08:00:00+00:00,2026-05-17T11:13:29.019544+00:00,0,False,0.0,,none,False,none,,rss,True
54b97366f010,https://www.ivpressonline.com/opinion/the-postscript-sharons-book-club/article_bb40f416-40ba-46bd-a019-220f4493cba3.html,THE POSTSCRIPT: Sharon's book club,IV Press,2026-05-16T07:00:00+00:00,2026-05-17T11:13:29.019571+00:00,0,False,0.0,,none,False,none,,rss,True
720d646fbf85,https://www.ivpressonline.com/business/beyond-the-bottom-line-why-financial-stress-is-the-quiet-crisis-of-2026/article_fbd7cd15-9bad-412d-9c04-459019da7a65.html,Beyond the bottom line: Why financial stress is the quiet crisis of 2026,IV Press,2026-05-16T07:00:00+00:00,2026-05-17T11:13:29.019616+00:00,0,False,0.0,,none,False,none,,rss,True
dbeca1298feb,https://www.ivpressonline.com/business/beyond-the-bot-why-your-2026-resume-needs-an-ai-strategy/article_f021ef7e-9830-47b3-a7c5-bafd4bfa81ec.html,Beyond the bot: Why your 2026 resume needs an AI strategy,IV Press,2026-05-16T07:00:00+00:00,2026-05-17T11:13:29.019663+00:00,0,False,0.0,,none,False,none,,rss,True
9a01d0f450bb,https://www.ivpressonline.com/opinion/dare-to-live-without-limits-for-every-lock-there-is-a-key/article_ee86a845-897b-4c42-81eb-2601e34e6ff9.html,DARE TO LIVE WITHOUT LIMITS: For every lock there is a key,IV Press,2026-05-16T07:00:00+00:00,2026-05-17T11:13:29.019707+00:00,0,False,0.0,,none,False,none,,rss,True
96330ecec794,https://www.ivpressonline.com/news/calexico-detention-facility-hosts-second-annual-mental-health-fair/article_067a9f79-ff24-4ad2-a3a4-7a3b77f72117.html,Calexico detention facility hosts second annual mental health fair,IV Press,2026-05-16T07:00:00+00:00,2026-05-17T11:13:29.019757+00:00,6,False,0.1,,none,False,city,,rss,True
c9087ca4a824,https://www.ivpressonline.com/news/supervisors-halt-proposed-niland-wastewater-hikes/article_bb778138-44a8-44b8-8efe-a6bb6f4e778b.html,Supervisors halt proposed Niland wastewater hikes,IV Press,2026-05-16T07:00:00+00:00,2026-05-17T11:13:29.019805+00:00,6,False,0.1,,none,False,city,,rss,True
3f295c200f95,https://www.ivpressonline.com/happeningtoday/happening-tomorrow-may-17-19/article_e0750aaf-c1be-49a6-abb9-e562baeb5ca0.html,Happening Tomorrow — May 17-19,IV Press,2026-05-16T07:00:00+00:00,2026-05-17T11:13:29.019833+00:00,0,False,0.0,,none,False,none,,rss,True
f99985a22535,https://www.ivpressonline.com/news/newsom-retreats-on-ihss-cuts-as-gonzalez-declares-victory-for-california-s-most-vulnerable/article_947071dd-2185-4833-949f-5ef3fb532041.html,Newsom retreats on IHSS cuts as Gonzalez declares victory for California’s most vulnerable,IV Press,2026-05-16T07:00:00+00:00,2026-05-17T11:13:29.019885+00:00,0,False,0.0,,none,False,none,,rss,True
b677219276f6,https://www.ivpressonline.com/business/heat-waves-and-drought-new-report-highlights-rising-toll-of-natural-disasters-on-u-s/article_90bd8af7-9002-4496-999f-09ebf36c9bee.html,Heat waves and drought: New report highlights rising toll of natural disasters on U.S. food supply,IV Press,2026-05-16T07:00:00+00:00,2026-05-17T11:13:29.019939+00:00,18,True,0.3,heat wave,illness,False,city,,rss,True
a5775c0ed974,https://www.ivpressonline.com/news/ruiz-calls-for-oversight-probe-into-ice-profiling-at-mobile-home-parks/article_9e0b64c6-c19b-4596-aeb4-30ddbeb836ee.html,Ruiz calls for oversight probe into ICE profiling at mobile home parks,IV Press,2026-05-16T07:00:00+00:00,2026-05-17T11:13:29.019990+00:00,0,False,0.0,,none,False,none,,rss,True
c020bea89df3,https://www.ivpressonline.com/news/ivhd-shares-pediatric-asthma-tips-to-help-children-breathe-easier/article_3c310967-0bd8-4c1a-852a-d3927b66deec.html,IVHD shares pediatric asthma tips to help children breathe easier,IV Press,2026-05-16T07:00:00+00:00,2026-05-17T11:13:29.020024+00:00,0,False,0.0,,none,False,none,,rss,True
565fd7f7dabd,https://www.ivpressonline.com/news/imperial-county-lawsuit-challenges-data-center-prohibition-act-over-claims-of-voter-overreach/article_0524e7f6-f8f4-4be5-aa12-e7b04e6dab18.html,Imperial County lawsuit challenges ‘Data Center Prohibition Act’ over claims of voter overreach,IV Press,2026-05-16T07:00:00+00:00,2026-05-17T11:13:29.020076+00:00,6,False,0.1,,none,False,city,,rss,True
db5a53af48ad,https://www.ivpressonline.com/news/sdsu-imperial-valley-graduates-largest-class-ever/article_2ce22d30-d8e8-4ad6-a3d6-838bfa1e8a30.html,SDSU Imperial Valley graduates largest class ever,IV Press,2026-05-16T07:00:00+00:00,2026-05-17T11:13:29.020118+00:00,6,False,0.1,,none,False,city,,rss,True
83cbdfebeb1e,https://www.ivpressonline.com/news/california-assembly-passes-resolution-declaring-march-2026-as-kidney-month-to-fight-silent-epidemic/article_f388ec6d-3570-4821-b48f-3faf1378ec4b.html,California Assembly passes resolution declaring March 2026 as Kidney Month to fight ‘silent epidemic’,IV Press,2026-05-16T07:00:00+00:00,2026-05-17T11:13:29.020169+00:00,0,False,0.0,,none,False,none,,rss,True
ac3758f361fd,https://www.ivpressonline.com/news/ai-s-thirst-california-communities-face-new-water-strain-as-data-centers-move-inland/article_adf65daf-cf2c-4357-8eb3-bfbdd1a2f3f5.html,AI’s thirst: California communities face new water strain as data centers move inland,IV Press,2026-05-16T07:00:00+00:00,2026-05-17T11:13:29.020219+00:00,0,False,0.0,,none,False,none,,rss,True
680814b592b6,https://www.ivpressonline.com/news/mexicali-briefs-lawmakers-advance-tougher-penalties-for-domestic-violence-auto-theft/article_d2b03112-84a0-4b16-a91d-d15dfbf4d404.html,"MEXICALI BRIEFS: Lawmakers advance tougher penalties for domestic violence, auto theft",IV Press,2026-05-16T07:00:00+00:00,2026-05-17T11:13:29.020266+00:00,0,False,0.0,,none,False,none,,rss,True
ac58738d3325,https://www.ivpressonline.com/news/calfresh-work-or-volunteer-requirements-begin-june-1/article_e4051881-3f13-4629-a01c-72dafcdb5a17.html,CalFresh work or volunteer requirements begin June 1,IV Press,2026-05-16T07:00:00+00:00,2026-05-17T11:13:29.020310+00:00,0,False,0.0,,none,False,none,,rss,True
530877aca6e0,https://www.ivpressonline.com/news/ivc-foundation-and-at-t-help-bridge-the-digital-divide-for-33-students/article_3f9476a0-8e80-439c-9223-2a62f1613043.html,IVC Foundation and AT&T help bridge the digital divide for 33 students,IV Press,2026-05-16T07:00:00+00:00,2026-05-17T11:13:29.020359+00:00,6,False,0.1,,none,False,city,,rss,True
32a1e0ed6c87,https://www.ivpressonline.com/news/county-celebrates-ribbon-cutting-for-renovated-calipatria-library-branch/article_1904c7ba-2771-4bbf-9204-0fe997e1a8a9.html,County celebrates ribbon-cutting for renovated Calipatria Library Branch,IV Press,2026-05-16T07:00:00+00:00,2026-05-17T11:13:29.020409+00:00,6,False,0.1,,none,False,city,,rss,True
2ca586f6e802,https://www.ivpressonline.com/news/el-centro-to-host-annual-public-works-expo/article_b7a8c5e8-cb1c-46d5-aefc-4b4438e74b3b.html,El Centro to host annual Public Works Expo,IV Press,2026-05-16T07:00:00+00:00,2026-05-17T11:13:29.020450+00:00,3,False,0.05,,none,False,city,,rss,True
ce9560c6c64d,https://kyma.com/news/imperial-county/2026/05/17/fire-tears-through-abandoned-home-in-westmorland/,Fire tears through abandoned home in Westmorland,KYMA,2026-05-17T22:13:40+00:00,2026-05-18T13:52:03.810507+00:00,6,False,0.1,,none,False,city,,rss,True
75f3c0c4cbe9,https://kyma.com/news/imperial-county/2026/05/18/activists-convene-in-calexico-for-border-detention-protest/,Activists convene in Calexico for border detention protest,KYMA,2026-05-18T17:10:24+00:00,2026-05-19T12:44:53.312029+00:00,6,False,0.1,,none,False,city,,rss,True
846f2a6dda99,https://kyma.com/news/imperial-county/2026/05/18/locals-react-to-fire-tearing-through-abandoned-home-in-westmorland/,Locals react to fire tearing through abandoned home in Westmorland,KYMA,2026-05-18T18:16:26+00:00,2026-05-19T12:44:53.312115+00:00,6,False,0.1,,none,False,city,,rss,True
ac3acfcd3e64,https://kyma.com/news/imperial-county/2026/05/18/cuidad-senior-apartments-temporarily-evacuated-to-red-cross-emergency-shelter/,Senior Apartments in Brawley temporarily evacuated to Red Cross emergency shelter,KYMA,2026-05-18T17:49:01+00:00,2026-05-19T12:44:53.312191+00:00,6,False,0.1,,none,False,city,,rss,True
809b37be79a2,https://kyma.com/news/top-stories/2026/05/19/imperial-county-board-of-supervisors-to-bring-back-vote-on-lot-merger-for-possible-data-center/,Imperial County Board of Supervisors to bring back vote on lot merger for possible data center,KYMA,2026-05-19T22:13:39+00:00,2026-05-20T12:29:04.062159+00:00,6,False,0.1,,none,False,city,,rss,True
69ac53b12958,https://kyma.com/decision-politics/local-politics/2026/05/19/brawley-city-council-to-consider-temporary-moratorium-on-large-scale-data-centers/,Brawley City Council to consider temporary moratorium on large-scale data centers,KYMA,2026-05-19T17:12:20+00:00,2026-05-20T12:29:04.062244+00:00,3,False,0.05,,none,False,city,,rss,True
b43d5f23cec5,https://kyma.com/news/imperial-county/2026/05/19/protect-your-business-ivrcc-hosts-2026-cyber-risk-workshop/,Protect Your Business: IVRCC hosts 2026 Cyber Risk Workshop,KYMA,2026-05-19T17:10:03+00:00,2026-05-20T12:29:04.062314+00:00,6,False,0.1,,none,False,city,,rss,True
177d3f9f8c48,https://kyma.com/news/imperial-county/2026/05/18/ciudad-senior-apartments-temporarily-evacuated-to-red-cross-emergency-shelter/,Senior Apartments in Brawley temporarily evacuated to Red Cross emergency shelter,KYMA,2026-05-18T17:49:01+00:00,2026-05-20T12:29:04.062529+00:00,6,False,0.1,,none,False,city,,rss,True
57ede266ef90,https://www.ivpressonline.com/opinion/life-out-here-last-of-colorful-times/article_0e115d21-b1bd-4189-8934-58ea27a55508.html,LIFE OUT HERE: Last of colorful times?,IV Press,2026-05-20T07:00:00+00:00,2026-05-20T12:29:06.575236+00:00,0,False,0.0,,none,False,none,,rss,True
fdc23148b328,https://www.ivpressonline.com/news/teens-suspected-in-mosque-shooting-met-online-where-they-were-radicalized-fbi-says/article_b1334488-c2b8-4e50-8b94-2928efa7b903.html,"Teens suspected in mosque shooting met online, where they were radicalized, FBI says",IV Press,2026-05-20T07:00:00+00:00,2026-05-20T12:29:06.575297+00:00,3,False,0.05,,none,False,none,,rss,True
72c934fbe659,https://www.ivpressonline.com/news/cops-briefs-police-arrest-man-for-alleged-parole-violation/article_d8beb039-d12b-4469-89c6-ad5a6ec24022.html,COPS BRIEFS: Police arrest man for alleged parole violation,IV Press,2026-05-20T07:00:00+00:00,2026-05-20T12:29:06.575328+00:00,3,False,0.05,,none,False,city,,rss,True
5b7e86e26e48,https://www.ivpressonline.com/news/brawley-police-to-hold-dui-checkpoint-on-may-22/article_e775ff17-909e-4db8-afa5-6603472f5254.html,Brawley police to hold DUI checkpoint on May 22,IV Press,2026-05-20T07:00:00+00:00,2026-05-20T12:29:06.575373+00:00,3,False,0.05,,none,False,city,,rss,True
5916e572b90e,https://www.ivpressonline.com/news/imperial-school-district-raises-concerns-over-proposed-data-center-calls-for-rigorous-environmental-review/article_6a457295-bd0b-40cf-8da4-4373a9374ddc.html,"Imperial School District raises concerns over proposed data center, calls for rigorous environmental review",IV Press,2026-05-20T07:00:00+00:00,2026-05-20T12:29:06.575423+00:00,3,False,0.05,,none,False,city,,rss,True
c4c27eee2667,https://www.ivpressonline.com/news/brawley-police-launch-click-it-or-ticket-campaign-ahead-of-memorial-day/article_2502e2a7-1284-44ea-8a56-176806d24761.html,Brawley Police launch ‘Click It or Ticket’ campaign ahead of Memorial Day,IV Press,2026-05-20T07:00:00+00:00,2026-05-20T12:29:06.575472+00:00,3,False,0.05,,none,False,city,,rss,True
7f02eab6dafb,https://www.ivpressonline.com/news/ivrop-showcases-cte-student-culinary-arts-skills/article_6f591362-d34e-48d2-bd8b-a3707ac3e0ee.html,IVROP Showcases CTE student culinary arts skills,IV Press,2026-05-20T07:00:00+00:00,2026-05-20T12:29:06.575538+00:00,3,False,0.05,,none,False,city,,rss,True
8c2ccf82d2a6,https://www.ivpressonline.com/news/pterodactyl-screeches-from-a-spare-tire-expose-alleged-exotic-bird-smuggling-at-southern-border/article_32c83933-69d4-4c3a-935c-d2536f5e43e0.html,‘Pterodactyl screeches’ from a spare tire expose alleged exotic bird smuggling at Southern border,IV Press,2026-05-20T07:00:00+00:00,2026-05-20T12:29:06.575591+00:00,0,False,0.0,,none,False,none,,rss,True
137224ed18d3,https://www.ivpressonline.com/ivhigh/iv-high-shs-says-goodbye-to-mrs-enz/article_5686ba75-be14-4317-a5f5-dde906dda938.html,IV HIGH: SHS says goodbye to Mrs. Enz,IV Press,2026-05-20T07:00:00+00:00,2026-05-20T12:29:06.575629+00:00,0,False,0.0,,none,False,none,,rss,True
86b396085cd3,https://www.ivpressonline.com/ivhigh/southwest/iv-high-southwest-theater-hops-in-alice-in-wonderland-and-back-again-production/article_343d6b75-9e05-47fe-9d18-bd22df076048.html,IV HIGH: Southwest Theater hops in ‘Alice in Wonderland (And Back Again)’ production,IV Press,2026-05-20T07:00:00+00:00,2026-05-20T12:29:06.575678+00:00,0,False,0.0,,none,False,none,,rss,True
e8237144e069,https://www.ivpressonline.com/news/brawley-shelter-to-close-after-earthquake-damage-sparks-sudden-apartment-displacements/article_38228d6c-dda4-4905-802e-16a74a993bba.html,Brawley shelter to close after earthquake damage sparks sudden apartment displacements,IV Press,2026-05-20T07:00:00+00:00,2026-05-20T12:29:06.575729+00:00,6,False,0.1,,none,False,city,,rss,True
c0442af59262,https://www.ivpressonline.com/news/ruiz-presses-federal-water-officials-for-action-on-new-river-pollution-crisis/article_ed8b7cf3-3365-48c5-9414-2df6e5dfb857.html,Ruiz presses federal water officials for action on New River pollution crisis,IV Press,2026-05-20T07:00:00+00:00,2026-05-20T12:29:06.575770+00:00,0,False,0.0,,none,False,none,,rss,True
7523614bc711,https://www.ivpressonline.com/adelantevalle/representar-agente-municipal-a-m-xico-en-europa/article_19039450-3ab5-4910-b38c-16b113b9e12f.html,Representará agente municipal a México en Europa,IV Press,2026-05-20T07:00:00+00:00,2026-05-20T12:29:06.575811+00:00,0,False,0.0,,none,False,none,,rss,True
44d407749282,https://www.ivpressonline.com/news/mexicali-briefs-mexicali-police-officer-heads-to-global-athletic-competition-in-france-with-local-business/article_06ae5996-1f2a-4f70-b262-6ed210cb68f3.html,MEXICALI BRIEFS: Mexicali police officer heads to global athletic competition in France with local business backing,IV Press,2026-05-20T07:00:00+00:00,2026-05-20T12:29:06.575842+00:00,0,False,0.0,,none,False,none,,rss,True
2d49ddfbd603,https://www.ivpressonline.com/online_features/press_releases/outscraper-sees-continued-growth-in-use-of-its-google-maps-scraper-for-business-intelligence-needs/article_9be4b551-553b-5e73-a7f4-19134d29f451.html,Outscraper Sees Continued Growth in Use of Its Google Maps Scraper for Business Intelligence Needs,IV Press,2026-05-20T03:59:11+00:00,2026-05-20T12:29:06.575876+00:00,0,False,0.0,,none,False,none,,rss,True
ba3901b2f63f,https://www.ivpressonline.com/online_features/press_releases/london-basin-company-leads-shift-to-statement-sinks-as-british-designers-embrace-countertop-basins/article_dbb71243-ecb1-5f3f-9957-68dfa9319028.html,London Basin Company Leads Shift to Statement Sinks as British Designers Embrace Countertop Basins,IV Press,2026-05-20T03:58:01+00:00,2026-05-20T12:29:06.575908+00:00,0,False,0.0,,none,False,none,,rss,True
247d608c5433,https://www.ivpressonline.com/online_features/press_releases/24-7-digital-marketing-introduces-autopilot-enquiry-system-for-consistent-20-30-qualified-monthly-lead/article_4b4c6429-d640-5151-a39e-def6676c70df.html,24/7 Digital Marketing Introduces “Autopilot Enquiry System” for Consistent 20-30 Qualified Monthly Lead Generation,IV Press,2026-05-20T03:59:44+00:00,2026-05-20T12:29:06.575946+00:00,0,False,0.0,,none,False,none,,rss,True
413953f31a64,https://www.ivpressonline.com/online_features/press_releases/global-times-china-uzbekistans-joint-efforts-in-reviving-aral-sea-a-model-for-implementation-of/article_c76629fb-76ad-5f60-92af-947f3762cfc7.html,"Global Times: China, Uzbekistan's joint efforts in reviving Aral Sea a model for implementation of GDI: Uzbek expert and Tianshan Award winner",IV Press,2026-05-20T03:53:50+00:00,2026-05-20T12:29:06.575979+00:00,0,False,0.0,,none,False,none,,rss,True
2435d85a5a8c,https://www.ivpressonline.com/online_features/press_releases/al-mustafa-welfare-trust-warns-of-escalating-water-crisis-devastating-muslim-communities-across-three-continents/article_9a86f3fd-9885-50fd-879e-f37259c1049d.html,Al Mustafa Welfare Trust Warns of Escalating Water Crisis Devastating Muslim Communities Across Three Continents,IV Press,2026-05-20T03:56:03+00:00,2026-05-20T12:29:06.576012+00:00,0,False,0.0,,none,False,none,,rss,True
a8d99d7b8ef0,https://www.ivpressonline.com/online_features/press_releases/jatagan-security-launches-vertically-integrated-ai-security-platform-delivering-99-9-crime-prevention-rate/article_d345c36e-c40a-537d-a12f-6d313c8baf56.html,"Jatagan Security Launches Vertically Integrated AI Security Platform, Delivering 99.9%+ Crime Prevention Rate",IV Press,2026-05-20T03:55:32+00:00,2026-05-20T12:29:06.576044+00:00,0,False,0.0,,none,False,none,,rss,True
7e815d902c0e,https://www.ivpressonline.com/online_features/press_releases/jpg-designs-marks-more-than-15-years-of-helping-rhode-island-businesses-grow-online/article_cba497eb-8162-5c9c-8bb4-ff018325da31.html,JPG Designs Marks More Than 15 Years of Helping Rhode Island Businesses Grow Online,IV Press,2026-05-20T03:54:53+00:00,2026-05-20T12:29:06.576073+00:00,0,False,0.0,,none,False,none,,rss,True
e279951b1d42,https://www.ivpressonline.com/online_features/press_releases/dental-intelligence-announces-new-wave-of-ai-powered-features-built-for-the-way-practices-actually/article_a1415d1e-a24f-5e94-8430-d0e149551aac.html,Dental Intelligence Announces New Wave of AI-Powered Features Built for the Way Practices Actually Work,IV Press,2026-05-20T03:57:11+00:00,2026-05-20T12:29:06.576104+00:00,0,False,0.0,,none,False,none,,rss,True
09192cf3dc09,https://www.ivpressonline.com/online_features/press_releases/global-times-charting-a-new-future-for-china-us-relations-through-a-new-positioning/article_2af76a1f-4be9-5cd4-85ba-35d0f4e61fc3.html,Global Times: Charting a new future for China-US relations through a 'new positioning',IV Press,2026-05-20T03:53:24+00:00,2026-05-20T12:29:06.576133+00:00,0,False,0.0,,none,False,none,,rss,True
35242a551d87,https://www.ivpressonline.com/online_features/press_releases/earth-and-essence-iv-spa-launches-new-website-and-mobile-iv-hydration-services-in-cleveland/article_f9335f22-07f6-5402-b2c4-2b13634a0c0d.html,"Earth and Essence IV Spa Launches New Website and Mobile IV Hydration Services in Cleveland, OH",IV Press,2026-05-20T03:56:34+00:00,2026-05-20T12:29:06.576163+00:00,0,False,0.0,,none,False,none,,rss,True
cf9bed2066d3,https://www.ivpressonline.com/online_features/press_releases/co-diagnostics-announces-3-0-million-private-placement-priced-at-the-market-under-nasdaq-rules/article_2cd7c0bd-281f-5a09-84c4-35c73a011228.html,Co-Diagnostics Announces $3.0 Million Private Placement Priced At-The-Market Under Nasdaq Rules,IV Press,2026-05-20T02:54:00+00:00,2026-05-20T12:29:06.576213+00:00,0,False,0.0,,none,False,none,,rss,True
639dc29dac2a,https://kyma.com/news/top-stories/2026/05/20/brush-fire-burns-100-acres-east-of-brawley/,Brush fire burns 100 acres east of Brawley,KYMA,2026-05-21T01:21:55+00:00,2026-05-21T12:48:46.309208+00:00,6,False,0.1,,none,False,city,,rss,True
c1e1d8aaccc9,https://kyma.com/news/imperial-county/2026/05/20/robbery-suspects-in-imperial-county-back-in-court/,Robbery suspects in Imperial County back in court,KYMA,2026-05-20T20:24:12+00:00,2026-05-21T12:48:46.309279+00:00,6,False,0.1,,none,False,city,,rss,True
06deecac5dcb,https://kyma.com/news/imperial-county/2026/05/20/mental-health-awareness-walk-to-be-held-in-winterhaven/,Mental Health Awareness Walk to be held in Winterhaven,KYMA,2026-05-20T18:56:44+00:00,2026-05-21T12:48:46.309343+00:00,6,False,0.1,,none,False,city,,rss,True
999bf4e6fcab,https://kyma.com/news/imperial-county/2026/05/20/icso-finds-body-in-salton-city/,ICSO finds body in Salton City,KYMA,2026-05-20T18:36:13+00:00,2026-05-21T12:48:46.309395+00:00,3,False,0.05,,none,False,city,,rss,True
c0459fc257ff,https://kyma.com/play/entertainment/2026/05/20/singer-and-actress-cher-turns-80-years-old/,Singer and actress Cher turns 80-years-old,KYMA,2026-05-20T18:19:51+00:00,2026-05-21T12:48:46.309449+00:00,3,False,0.05,,none,False,city,,rss,True
ad2511320b31,https://kyma.com/dsw-living/data-centers/2026/05/19/imperial-county-board-of-supervisors-to-bring-back-vote-on-lot-merger-for-possible-data-center/,Imperial County Board of Supervisors to bring back vote on lot merger for possible data center,KYMA,2026-05-19T22:13:39+00:00,2026-05-21T12:48:46.309514+00:00,6,False,0.1,,none,False,city,,rss,True
10d98f4af810,https://kyma.com/news/top-stories/2026/05/21/imperial-moves-toward-moratorium-on-hyperscale-data-centers/,Imperial moves toward moratorium on hyperscale data centers,KYMA,2026-05-22T00:45:17+00:00,2026-05-22T12:26:03.584708+00:00,6,False,0.1,,none,False,city,,rss,True
778cf2bb7997,https://kyma.com/news/top-stories/2026/05/21/man-accused-of-murdering-teen-in-salton-city-pleads-not-guilty/,Man accused of murdering teen in Salton City pleads not guilty,KYMA,2026-05-21T21:41:23+00:00,2026-05-22T12:26:03.584796+00:00,6,False,0.1,,none,False,city,,rss,True
4809e3072ca2,https://kyma.com/news/top-stories/2026/05/21/one-teen-hospitalized-another-arrested-after-fight-at-de-anza-high-school/,"One teen hospitalized, another arrested after fight at De Anza High School",KYMA,2026-05-21T21:55:45+00:00,2026-05-22T12:26:03.584878+00:00,3,False,0.05,,none,False,city,,rss,True
315bbb359818,https://kyma.com/news/top-stories/2026/05/21/honoring-the-past-and-future-southwest-high-cadets-host-memorial-day-observance/,Honoring the past and future: Southwest High cadets host Memorial Day observance,KYMA,2026-05-21T18:37:45+00:00,2026-05-22T12:26:03.584967+00:00,3,False,0.05,,none,False,city,,rss,True
bb783120157d,https://kyma.com/dsw-living/data-centers/2026/05/19/imperial-county-board-of-supervisors-hear-public-comments-on-data-center/,Imperial County Board of Supervisors continue to hear public comments on a proposed data center.,KYMA,2026-05-19T22:13:39+00:00,2026-05-22T12:26:03.585318+00:00,6,False,0.1,,none,False,city,,rss,True
9bcebd20c72c,https://kyma.com/news/top-stories/2026/05/22/valley-action-committee-opens-new-office-to-combat-pollution-and-expand-tech-education/,Valley Action Committee opens new office to combat pollution and expand tech education,KYMA,2026-05-22T16:53:52+00:00,2026-05-23T11:17:02.920972+00:00,3,False,0.05,,none,False,city,,rss,True
84f88373515a,https://kyma.com/news/2026/05/22/food-pantry-continues-serving-after-fire-damages-church/,Food pantry continues serving after fire damages church in Westmorland,KYMA,2026-05-22T18:22:26+00:00,2026-05-23T11:17:02.921069+00:00,6,False,0.1,,none,False,city,,rss,True
9b93f05cc212,https://www.ivpressonline.com/opinion/the-postscript-on-the-balcony/article_acfb4d5f-fa21-44be-b6f7-91158f44f95b.html,THE POSTSCRIPT: On the balcony,IV Press,2026-05-23T07:00:00+00:00,2026-05-23T11:17:05.315745+00:00,0,False,0.0,,none,False,none,,rss,True
962c55ecc9bc,https://www.ivpressonline.com/opinion/dare-to-live-without-limits-how-do-you-start-your-day/article_e1333491-2564-41e1-a239-f761dde873c1.html,DARE TO LIVE WITHOUT LIMITS: How do you start your day?,IV Press,2026-05-23T07:00:00+00:00,2026-05-23T11:17:05.315795+00:00,0,False,0.0,,none,False,none,,rss,True
fe2b004fb5e1,https://www.ivpressonline.com/opinion/opinion-hilton-and-becerra-lead-in-new-california-governor-poll-steyer-trails-but-isn-t/article_bea55a1b-81bc-46ca-b1df-1c9e595134b7.html,OPINION: Hilton and Becerra lead in new California governor poll. Steyer trails but isn’t out,IV Press,2026-05-23T07:00:00+00:00,2026-05-23T11:17:05.315843+00:00,0,False,0.0,,none,False,none,,rss,True
c75fc167487c,https://www.ivpressonline.com/featured/ashley-lopez-achieves-academic-comeback/article_c1d1af2b-54da-40e2-8ec7-e407697fe1ee.html,Ashley Lopez achieves academic comeback,IV Press,2026-05-23T07:00:00+00:00,2026-05-23T11:17:05.315903+00:00,3,False,0.05,,none,False,city,,rss,True
277436b8a362,https://www.ivpressonline.com/sports/ivl-golf-season-comes-to-a-close/article_e3ca0f00-2546-42d9-ba96-5f464205c2ba.html,IVL Golf season comes to a close,IV Press,2026-05-23T07:00:00+00:00,2026-05-23T11:17:05.315947+00:00,6,False,0.1,,none,False,city,,rss,True
b7a04f32523d,https://www.ivpressonline.com/featured/after-hours-bookstore-gives-back-to-the-community/article_3d42943c-21f8-43fe-9089-99fc72341869.html,After Hours Bookstore gives back to the community,IV Press,2026-05-23T07:00:00+00:00,2026-05-23T11:17:05.315989+00:00,3,False,0.05,,none,False,city,,rss,True
02cc4354b518,https://www.ivpressonline.com/news/from-footpath-to-forever-brawley-approves-veterans-memorial-arch-to-honor-the-fallen/article_375ad158-4609-48f3-a87a-fe88961fe101.html,From footpath to forever: Brawley approves Veterans Memorial Arch to honor the fallen,IV Press,2026-05-23T07:00:00+00:00,2026-05-23T11:17:05.316036+00:00,3,False,0.05,,none,False,city,,rss,True
a6e3fdb6f6e8,https://www.ivpressonline.com/news/house-democrats-file-rare-petition-to-force-vote-on-wounded-veteran-tax-bill/article_5cabc8e4-4e0b-474c-9825-476a3f014b67.html,House Democrats file rare petition to force vote on ‘Wounded Veteran Tax’ Bill,IV Press,2026-05-23T07:00:00+00:00,2026-05-23T11:17:05.316089+00:00,0,False,0.0,,none,False,none,,rss,True
f045ebe2e6d1,https://www.ivpressonline.com/news/california-launches-tech-upgrade-to-battle-deadly-summer-heatwave-threat/article_34455fbe-c81f-4ec1-bf61-adf7f2ea14ed.html,California launches tech upgrade to battle deadly summer heatwave threat,IV Press,2026-05-23T07:00:00+00:00,2026-05-23T11:17:05.316149+00:00,20,True,0.333,extreme heat|heatwave,illness,False,none,,rss,True
068a2f5cef80,https://www.ivpressonline.com/news/california-assembly-passes-bipartisan-slate-to-cut-red-tape-for-disabled-residents-veterans/article_0e377866-7aaa-4f1c-aeec-fd26382b6d49.html,"California Assembly passes bipartisan slate to cut red tape for disabled residents, veterans",IV Press,2026-05-23T07:00:00+00:00,2026-05-23T11:17:05.316202+00:00,0,False,0.0,,none,False,none,,rss,True
01ddeb6bb00d,https://www.ivpressonline.com/news/mexicali-briefs-perfect-storm-of-bad-weather-lost-subsidies-and-strong-peso-threatens-to-decimate/article_33fa7940-3a15-42a6-89c6-21ed3d2ac388.html,"MEXICALI BRIEFS: Perfect storm of bad weather, lost subsidies, and strong Peso threatens to decimate Mexicali wheat farming",IV Press,2026-05-23T07:00:00+00:00,2026-05-23T11:17:05.316234+00:00,0,False,0.0,,none,False,none,,rss,True
b333844191df,https://www.ivpressonline.com/news/former-el-centro-councilman-among-six-appointed-to-imperial-county-airport-boards/article_5fc6cbb8-39c7-4e76-be0a-65bea01cafdd.html,Former El Centro councilman among six appointed to Imperial County airport boards,IV Press,2026-05-23T07:00:00+00:00,2026-05-23T11:17:05.316284+00:00,6,False,0.1,,none,False,city,,rss,True
9afbb78a77c4,https://www.ivpressonline.com/news/staged-social-media-fights-lead-to-arrest-of-calexico-high-school-students/article_ebab4535-50a5-4721-b837-d535b18d57b9.html,Staged social media fights lead to arrest of Calexico High School students,IV Press,2026-05-23T07:00:00+00:00,2026-05-23T11:17:05.316330+00:00,3,False,0.05,,none,False,city,,rss,True
7ee2ba81a9aa,https://www.ivpressonline.com/news/earthquake-response-and-data-center-pause-dominate-brawley-city-council-meeting/article_8d8056e3-d72e-4828-9ffd-16489dc4fabc.html,Earthquake response and data center pause dominate Brawley City Council meeting,IV Press,2026-05-23T07:00:00+00:00,2026-05-23T11:17:05.316378+00:00,3,False,0.05,,none,False,city,,rss,True
4bd26c2d97cd,https://www.ivpressonline.com/news/supervisors-explore-changing-rules-to-reconsider-controversial-votes/article_65a9ee6f-ddd6-4ee5-aca9-f5e5aac8e90d.html,Supervisors explore changing rules to reconsider controversial votes,IV Press,2026-05-23T07:00:00+00:00,2026-05-23T11:17:05.316426+00:00,6,False,0.1,,none,False,city,,rss,True
7e656b6b6545,https://www.ivpressonline.com/online_features/press_releases/czr-exchange-announces-exclusive-czr-vip-south-of-france-gala/article_98e41b0d-d402-59e4-a732-89e3c32f137c.html,CZR Exchange Announces Exclusive CZR VIP South of France Gala,IV Press,2026-05-23T02:40:03+00:00,2026-05-23T11:17:05.316456+00:00,0,False,0.0,,none,False,none,,rss,True
364f36f65f3a,https://www.ivpressonline.com/online_features/press_releases/the-hidden-income-most-montana-homeowners-are-missing-and-why-2026-could-change-everything/article_2ce88ff6-e1f8-5944-9a72-6e0517624d6d.html,The Hidden Income Most Montana Homeowners Are Missing – And Why 2026 Could Change Everything,IV Press,2026-05-23T02:00:03+00:00,2026-05-23T11:17:05.316494+00:00,0,False,0.0,,none,False,none,,rss,True
7c9e65d5474a,https://www.ivpressonline.com/online_features/press_releases/systemic-biographical-restoration-us-directive-the-libari-brothers-directive-restoring-m-hamed-libari-s-legacy/article_9705728b-e5f0-5eb7-baf6-427dfa8fbc25.html,Systemic Biographical Restoration & US Directive The Libari Brothers Directive: Restoring M’Hamed Libari’s Legacy,IV Press,2026-05-23T01:55:02+00:00,2026-05-23T11:17:05.316548+00:00,0,False,0.0,,none,False,none,,rss,True
8220c608a69c,https://www.ivpressonline.com/online_features/press_releases/new-thriller-clifford-s-war-redivivus-sends-p-i-clifford-dee-into-a-snowbound-case/article_da443115-f097-5a51-bb93-25904de40b33.html,"New Thriller “Clifford’s War: Redivivus” Sends P.I. Clifford Dee Into a Snowbound Case of Secrets, Trauma, and Conspiracy",IV Press,2026-05-23T01:50:02+00:00,2026-05-23T11:17:05.316584+00:00,0,False,0.0,,none,False,none,,rss,False
b480a5b847ca,https://www.ivpressonline.com/online_features/press_releases/mva-match-wreck-match-and-injuredhelp-ai-build-ai-powered-legal-intake-and-accident-response/article_c16946e4-b465-5c49-acc7-0618166e23c0.html,"MVA Match, Wreck Match, and InjuredHelp.ai Build AI-Powered Legal Intake and Accident Response Ecosystem to Scale Personal Injury Law Firms",IV Press,2026-05-23T01:50:02+00:00,2026-05-23T11:17:05.316632+00:00,0,False,0.0,,none,False,none,,rss,True
e7e52a8bcea0,https://www.ivpressonline.com/online_features/press_releases/award-winning-author-ellie-block-sets-sail-for-key-west-in-heartwarming-new-novel-the/article_03b74905-1c8d-5a55-9c34-ac61373b273f.html,"Award-Winning Author Ellie Block Sets Sail for Key West in Heartwarming New Novel, “The Secret of Sunrises”",IV Press,2026-05-23T01:50:02+00:00,2026-05-23T11:17:05.316666+00:00,0,False,0.0,,none,False,none,,rss,False
ec67b8569fc9,https://www.ivpressonline.com/online_features/press_releases/dan-mrejeru-s-the-making-the-rise-and-the-future-of-the-speakingman-seventh-edition/article_06d35cbe-7ae0-5854-99eb-82d03d9e05e9.html,"Dan Mrejeru’s “The Making, the Rise, and the Future of the Speakingman – Seventh Edition” Expands Its Ambitious Inquiry Into Human Origins, Planetary Cooling, and the Information Society",IV Press,2026-05-23T01:45:03+00:00,2026-05-23T11:17:05.316705+00:00,0,False,0.0,,none,False,none,,rss,False
67ff87371038,https://www.ivpressonline.com/online_features/press_releases/a-musical-oasis-awaits-songwriting-is-magic-returns-to-full-moon-resort-this-fall/article_e7d93424-2e91-5cbd-a8d4-9b7c337ba9c4.html,A Musical Oasis Awaits: “Songwriting is Magic” Returns to Full Moon Resort This Fall,IV Press,2026-05-23T01:40:02+00:00,2026-05-23T11:17:05.316735+00:00,0,False,0.0,,none,False,none,,rss,False
52bad9b2b165,https://www.ivpressonline.com/online_features/press_releases/robert-a-layman-iii-introduces-financial-strategy-to-help-families-take-control-of-their-wealth/article_989328b3-610d-55dc-b363-db0624301266.html,Robert A. Layman III Introduces Financial Strategy to Help Families Take Control of Their Wealth and Navigate Retirement with Confidence,IV Press,2026-05-23T01:40:02+00:00,2026-05-23T11:17:05.316794+00:00,0,False,0.0,,none,False,none,,rss,True
5dc7df213844,https://www.ivpressonline.com/online_features/press_releases/britain-s-wealth-exodus-drives-demand-for-cross-border-planning/article_292da885-4368-5859-a708-62ff25335990.html,Britain’s Wealth Exodus Drives Demand for Cross-Border Planning,IV Press,2026-05-23T01:40:02+00:00,2026-05-23T11:17:05.316836+00:00,0,False,0.0,,none,False,none,,rss,True
ade3c1355e71,https://kyma.com/news/imperial-county/2026/05/22/workers-protest-over-new-contract/,Workers in Calexico protest over new contract,KYMA,2026-05-23T04:10:04+00:00,2026-05-24T11:19:49.778367+00:00,6,False,0.1,,none,False,city,,rss,True
63d94673f58a,https://kyma.com/news/imperial-county/2026/05/22/food-pantry-continues-serving-after-fire-damages-church/,Food pantry continues serving after fire damages church in Westmorland,KYMA,2026-05-22T18:22:26+00:00,2026-05-24T11:19:49.778496+00:00,6,False,0.1,,none,False,city,,rss,True
a31740aba5dd,https://kyma.com/news/imperial-county/2026/05/21/man-accused-of-murdering-teen-in-salton-city-pleads-not-guilty/,Man accused of murdering teen in Salton City pleads not guilty,KYMA,2026-05-21T21:41:23+00:00,2026-05-24T11:19:49.778599+00:00,3,False,0.05,,none,False,city,,rss,True
2a047e09529b,https://kyma.com/news/imperial-county/2026/05/21/one-teen-hospitalized-another-arrested-after-fight-at-de-anza-high-school/,"One teen hospitalized, another arrested after fight at De Anza High School",KYMA,2026-05-21T21:55:45+00:00,2026-05-24T11:19:49.778652+00:00,3,False,0.05,,none,False,city,,rss,True
c9fa7256ae81,https://kyma.com/news/military/2026/05/21/honoring-the-past-and-future-southwest-high-cadets-host-memorial-day-observance/,Honoring the past and future: Southwest High cadets host Memorial Day observance,KYMA,2026-05-21T18:37:45+00:00,2026-05-24T11:19:49.778714+00:00,0,False,0.0,,none,False,none,,rss,True
ec8c91b5052a,https://kyma.com/news/top-stories/2026/05/26/el-centro-to-host-block-party-for-4th-of-july/,El Centro to host block party for 4th of July,KYMA,2026-05-26T21:41:29+00:00,2026-05-27T12:55:43.639185+00:00,3,False,0.05,,none,False,city,,rss,True
fea654226b86,https://kyma.com/news/border-security/2026/05/26/border-patrol-el-centro-sector-agents-conduct-immigration-enforcement-across-coachella-valley/,Border Patrol El Centro Sector agents conduct immigration enforcement across Coachella Valley,KYMA,2026-05-26T19:42:17+00:00,2026-05-27T12:55:43.639276+00:00,3,False,0.05,,none,False,city,,rss,True
7cdd8c65144b,https://kyma.com/news/imperial-county/2026/05/26/officers-find-guns-hidden-in-vehicle-at-calexico-west-port-of-entry/,Officers find guns hidden in vehicle at Calexico West Port of Entry,KYMA,2026-05-26T17:45:36+00:00,2026-05-27T12:55:43.639356+00:00,6,False,0.1,,none,False,city,,rss,True
02bea488f901,https://kyma.com/news/imperial-county/2026/05/26/iid-donates-mobile-command-center-to-icso/,IID donates Mobile Command Center to ICSO,KYMA,2026-05-26T18:36:05+00:00,2026-05-27T12:55:43.639426+00:00,3,False,0.05,,none,False,city,,rss,True
9448b12e5315,https://kyma.com/news/imperial-county/2026/05/25/two-homes-in-brawley-caught-on-fire/,Two homes in Brawley caught on fire,KYMA,2026-05-25T20:06:38+00:00,2026-05-27T12:55:43.639503+00:00,6,False,0.1,,none,False,city,,rss,True
efa6d86c5b2a,https://kyma.com/the-good-stuff/holiday/2026/05/25/el-centro-unites-at-bucklin-park-to-remember-the-fallen/,El Centro unites at Bucklin Park to remember the fallen,KYMA,2026-05-25T18:34:40+00:00,2026-05-27T12:55:43.639571+00:00,3,False,0.05,,none,False,city,,rss,True
907748bfc220,https://kyma.com/the-good-stuff/holiday/2026/05/25/imperial-county-residents-participate-in-fallen-heroes-honor-walk/,Imperial County residents participate in Fallen Heroes Honor Walk,KYMA,2026-05-25T19:24:18+00:00,2026-05-27T12:55:43.639632+00:00,6,False,0.1,,none,False,city,,rss,True
66c1b0c26208,https://kyma.com/news/top-stories/2026/05/27/meet-your-candidate-patricia-lizarraga-runs-for-imperial-county-board-of-supervisors-district-5/,Meet your candidate: Patricia Lizarraga runs for Imperial County Board of Supervisors District 5,KYMA,2026-05-28T00:50:25+00:00,2026-05-28T13:56:35.560471+00:00,6,False,0.1,,none,False,city,,rss,True
07d130f364f5,https://kyma.com/news/top-stories/2026/05/27/meet-your-candidate-lorena-minor-montes-runs-for-imperial-county-board-of-supervisors-district-5/,Meet your candidate: Lorena Minor-Montes runs for Imperial County Board of Supervisors District 5,KYMA,2026-05-28T00:43:51+00:00,2026-05-28T13:56:35.560577+00:00,6,False,0.1,,none,False,city,,rss,True
b55dff46a97f,https://kyma.com/news/imperial-county/2026/05/27/1998-death-penalty-case-heads-back-to-court/,1998 Death penalty case heads back to court,KYMA,2026-05-27T19:04:42+00:00,2026-05-28T13:56:35.560643+00:00,9,False,0.15,,none,False,city,,rss,True
c488845e274e,https://kyma.com/news/imperial-county/2026/05/27/imperial-valley-college-see-something-say-something/,"Imperial Valley College: ‘See something, say something’",KYMA,2026-05-27T18:53:18+00:00,2026-05-28T13:56:35.560714+00:00,6,False,0.1,,none,False,city,,rss,True
0ca0ca661201,https://kyma.com/news/top-stories/2026/05/28/imperial-county-election-campaigning-not-allowed-within-100-feet-of-voting-center/,Imperial County: Election campaigning not allowed within 100 feet of voting center,KYMA,2026-05-28T21:31:50+00:00,2026-05-29T12:49:27.098285+00:00,6,False,0.1,,none,False,city,,rss,True
11c564d0ff29,https://kyma.com/news/top-stories/2026/05/29/meet-your-candidate-joong-kim-runs-for-imperial-county-board-of-supervisors-district-1/,Meet your candidate: Joong Kim runs for Imperial County Board of Supervisors District 1,KYMA,2026-05-29T23:29:19+00:00,2026-05-30T11:25:26.804843+00:00,6,False,0.1,,none,False,city,,rss,True
edae237095bf,https://kyma.com/news/top-stories/2026/05/29/meet-your-candidate-enrique-alvarado-runs-for-imperial-county-board-of-supervisors-district-1/,Meet your candidate: Enrique Alvarado runs for Imperial County Board of Supervisors District 1,KYMA,2026-05-29T23:24:46+00:00,2026-05-30T11:25:26.804937+00:00,6,False,0.1,,none,False,city,,rss,True
1cb8f9e345b8,https://kyma.com/news/top-stories/2026/05/29/one-person-found-dead-after-car-catches-fire-on-state-route-86/,One person found dead after car catches fire on State Route 86,KYMA,2026-05-29T21:35:21+00:00,2026-05-30T11:25:26.805037+00:00,3,False,0.05,,none,False,city,,rss,True
215daccb35a6,https://kyma.com/news/top-stories/2026/05/29/four-people-arrested-in-connection-with-murder-of-man-in-salton-city/,Four people arrested in connection with murder of man in Salton City,KYMA,2026-05-29T21:06:54+00:00,2026-05-30T11:25:26.805114+00:00,6,False,0.1,,none,False,city,,rss,True
fcf99350ab71,https://kyma.com/news/top-stories/2026/05/29/fire-damages-two-homes-in-el-centro-power-outage-affects-100-residents/,"Fire damages two homes in El Centro, power outage affects 100 residents",KYMA,2026-05-29T18:08:31+00:00,2026-05-30T11:25:26.805186+00:00,3,False,0.05,,none,False,city,,rss,True
ce8e70862404,https://kyma.com/decision-politics/local-politics/2026/05/30/meet-your-candidate-john-hawk-runs-for-imperial-county-board-of-supervisors-district-5/,Meet your candidate: John Hawk runs for Imperial County Board of Supervisors District 5,KYMA,2026-05-30T20:02:33+00:00,2026-05-31T11:42:40.966239+00:00,6,False,0.1,,none,False,city,,rss,True
b2ff5093d7b8,https://kyma.com/dsw-living/health/2026/05/30/ecrmc-receives-11-million-california-distressed-hospital-grant/,ECRMC receives $11 million California Distressed Hospital grant,KYMA,2026-05-30T20:19:02+00:00,2026-05-31T11:42:40.966341+00:00,6,False,0.1,,none,False,city,,rss,True
559ed1c2c962,https://kyma.com/news/imperial-county/2026/05/30/beat-the-heat-imperial-valley-staying-cool-this-summer/,Beat the heat Imperial Valley: Staying cool this summer,KYMA,2026-05-30T15:30:40+00:00,2026-05-31T11:42:40.966428+00:00,11,False,0.183,cooling center,illness,False,city,,rss,True
b62164422db4,https://kyma.com/decision-politics/local-politics/2026/05/27/meet-your-candidate-patricia-lizarraga-runs-for-imperial-county-board-of-supervisors-district-5/,Meet your candidate: Patricia Lizarraga runs for Imperial County Board of Supervisors District 5,KYMA,2026-05-28T00:50:25+00:00,2026-05-31T11:42:40.966502+00:00,6,False,0.1,,none,False,city,,rss,True
ec6fab4588c6,https://kyma.com/decision-politics/local-politics/2026/05/29/meet-your-candidate-joong-kim-runs-for-imperial-county-board-of-supervisors-district-1/,Meet your candidate: Joong Kim runs for Imperial County Board of Supervisors District 1,KYMA,2026-05-29T23:29:19+00:00,2026-05-31T11:42:40.966573+00:00,6,False,0.1,,none,False,city,,rss,True
14cdcd6f01f4,https://kyma.com/news/imperial-county/2026/05/29/fire-damages-two-homes-in-el-centro-power-outage-affects-100-residents/,"Fire damages two homes in El Centro, power outage affects 100 residents",KYMA,2026-05-29T18:08:31+00:00,2026-05-31T11:42:40.966847+00:00,6,False,0.1,,none,False,city,,rss,True
ac14e1c89967,https://kyma.com/news/imperial-county/2026/05/29/ivc-students-fundraise-for-a-trip-to-d-c/,IVC students fundraise for a trip to D.C.,KYMA,2026-05-29T17:09:44+00:00,2026-05-31T11:42:40.966906+00:00,3,False,0.05,,none,False,city,,rss,True
212d775c9b49,https://kyma.com/news/imperial-county/2026/05/29/imperial-county-district-attorneys-office-swears-in-first-post-bar-law-clerk/,Imperial County District Attorney’s Office swears in first Post-Bar Law Clerk,KYMA,2026-05-29T17:22:55+00:00,2026-05-31T11:42:40.966983+00:00,6,False,0.1,,none,False,city,,rss,True
bc02ef16b2a3,https://kyma.com/decision-politics/local-politics/2026/05/28/imperial-county-election-campaigning-not-allowed-within-100-feet-of-voting-center/,Imperial County: Election campaigning not allowed within 100 feet of voting center,KYMA,2026-05-28T21:31:50+00:00,2026-05-31T11:42:40.967053+00:00,6,False,0.1,,none,False,city,,rss,True
4641d691849e,https://www.ivpressonline.com/valleywomen/thick-skin-soft-heart-amanda-reel-s-journey-through-the-automotive-industry/article_6ab0bd79-f4b6-4935-9bf0-1b173820fa06.html,"Thick skin, soft heart: Amanda Reel’s journey through the automotive industry",IV Press,2026-05-31T07:00:00+00:00,2026-05-31T11:42:43.196669+00:00,0,False,0.0,,none,False,none,,rss,True
d8a180f452a7,https://www.ivpressonline.com/valleywomen/rooted-in-family-kaylin-duffy-balances-agriculture-motherhood-and-leadership/article_2f6eaf0e-a5ea-4e4a-be51-04cbd42bf1ef.html,"Rooted in Family: Kaylin Duffy balances agriculture, motherhood and leadership",IV Press,2026-05-31T07:00:00+00:00,2026-05-31T11:42:43.196714+00:00,0,False,0.0,,none,False,none,,rss,True
4ca5d75df638,https://www.ivpressonline.com/valleywomen/ray-of-sunshine-amy-la-collings-leads-with-grace/article_0249b8e6-f987-434e-862d-7fa49848b54c.html,Ray of Sunshine: Amy La Collings leads with grace,IV Press,2026-05-31T07:00:00+00:00,2026-05-31T11:42:43.196762+00:00,0,False,0.0,,none,False,none,,rss,True
68e81c996574,https://www.ivpressonline.com/valleywomen/determination-and-resilience-elissa-sanchez-builds-her-place-in-agriculture-while-redefining-leadership/article_6d254916-1e0b-4ea3-9578-c80bf26ba120.html,Determination and Resilience: Elissa Sanchez builds her place in agriculture while redefining leadership,IV Press,2026-05-31T07:00:00+00:00,2026-05-31T11:42:43.196803+00:00,0,False,0.0,,none,False,none,,rss,True
a4a4cbdcb40f,https://www.ivpressonline.com/online_features/real_estate/how-one-company-is-helping-families-rebuild-after-eaton-fire/article_9cbc47b2-ce64-5599-b952-f6cede05cb75.html,How one company is helping families rebuild after Eaton Fire,IV Press,2026-05-31T04:01:00+00:00,2026-05-31T11:42:43.196842+00:00,0,False,0.0,,none,False,none,,rss,True
37fdd862b215,https://www.ivpressonline.com/online_features/press_releases/pompa-program-surpasses-1-300-trustpilot-ratings-with-4-7-5-star-average/article_1f134fc7-b0a6-5929-920b-b23d1f3ea6fc.html,"Pompa Program Surpasses 1,300 Trustpilot Ratings with 4.7/5 Star Average",IV Press,2026-05-31T00:30:37+00:00,2026-05-31T11:42:43.196874+00:00,0,False,0.0,,none,False,none,,rss,True
3be0b2821063,https://www.ivpressonline.com/online_features/press_releases/global-times-at-80-award-winning-illustrator-cai-gao-still-draws-inspiration-from-childhood/article_7e51b97f-5702-5385-8e55-44e2333b0287.html,"Global Times: At 80, award winning illustrator Cai Gao still draws inspiration from childhood",IV Press,2026-05-31T00:29:21+00:00,2026-05-31T11:42:43.196907+00:00,0,False,0.0,,none,False,none,,rss,True
057a4deb1375,https://www.ivpressonline.com/online_features/press_releases/global-times-china-s-diverse-city-cultures-brew-unique-coffee-flavors/article_d3fd7615-5bd7-51c5-95cb-47c3b1a841ec.html,Global Times: China’s diverse city cultures brew unique coffee flavors,IV Press,2026-05-31T00:28:56+00:00,2026-05-31T11:42:43.196942+00:00,0,False,0.0,,none,False,none,,rss,True
0c333c4f1f64,https://www.ivpressonline.com/online_features/press_releases/relux-collision-helps-sacramento-drivers-manage-insurance-claims-and-reduce-out-of-pocket-costs-after/article_e4833cc9-e482-5220-9136-f910bc4018b8.html,Relux Collision Helps Sacramento Drivers Manage Insurance Claims and Reduce Out-of-Pocket Costs After Accidents,IV Press,2026-05-30T19:25:02+00:00,2026-05-31T11:42:43.196972+00:00,0,False,0.0,,none,False,none,,rss,False
cf1060f58499,https://www.ivpressonline.com/online_features/press_releases/global-times-how-a-novel-about-qiaopi-and-a-filmmaker-s-visit-led-to-dear/article_76d3a15b-bee7-5ba5-9f4e-bb4cf695c134.html,Global Times: How a novel about ‘qiaopi’ and a filmmaker’s visit led to ‘Dear You’,IV Press,2026-05-30T17:19:17+00:00,2026-05-31T11:42:43.197008+00:00,0,False,0.0,,none,False,none,,rss,True
533560ebe9e7,https://www.ivpressonline.com/online_features/press_releases/global-times-china-demonstrates-remarkable-ability-to-set-a-long-term-vision-and-actually-execute/article_4f04eb7d-9546-550c-99c8-414072457098.html,Global Times: China demonstrates remarkable ability to set a long-term vision and actually execute it,IV Press,2026-05-30T17:18:57+00:00,2026-05-31T11:42:43.197041+00:00,0,False,0.0,,none,False,none,,rss,True
e3e39361237a,https://www.ivpressonline.com/online_features/press_releases/zenapet-expands-focus-on-feline-wellness-with-growing-interest-in-colostrum-plus-cat-supplement/article_8d54387e-09ca-5211-bc05-4ef68c26baf5.html,Zenapet Expands Focus on Feline Wellness With Growing Interest in Colostrum Plus Cat Supplement,IV Press,2026-05-30T17:01:35+00:00,2026-05-31T11:42:43.197073+00:00,0,False,0.0,,none,False,none,,rss,True
2208e5e94248,https://www.ivpressonline.com/online_features/press_releases/mellow-cloud-pillow-introduces-switchfit-dual-height-support-for-more-personalized-sleep-comfort/article_cbafc26b-80b8-5653-9a34-9e8373ee7ae7.html,Mellow Cloud Pillow Introduces SwitchFit™ Dual-Height Support for More Personalized Sleep Comfort,IV Press,2026-05-30T16:20:35+00:00,2026-05-31T11:42:43.197112+00:00,0,False,0.0,,none,False,none,,rss,True
8691695d3074,https://www.ivpressonline.com/online_features/press_releases/locked-up-and-put-away-by-booker-geez-offers-a-powerful-inside-look-into-america/article_470fc27f-7986-5fae-8b88-533b6334e319.html,Locked Up and Put Away by Booker Geez Offers a Powerful Inside Look Into America’s Juvenile Justice System,IV Press,2026-05-30T15:30:02+00:00,2026-05-31T11:42:43.197146+00:00,0,False,0.0,,none,False,none,,rss,False
21e1c4dbdece,https://www.ivpressonline.com/online_features/press_releases/restoration-logistics-expands-24-7-emergency-response-fleet-in-boulder-valley/article_42fd4aef-b25c-5c39-a773-d373db5eeb1b.html,Restoration Logistics Expands 24/7 Emergency Response Fleet in Boulder Valley,IV Press,2026-05-30T15:15:02+00:00,2026-05-31T11:42:43.197174+00:00,0,False,0.0,,none,False,none,,rss,False
346bc87f2705,https://www.ivpressonline.com/online_features/press_releases/roads-phase-3-clinical-trial-data-presented-at-asco26-show-gammatile-provides-superior-tumor-control/article_de017a43-9242-57fd-85ff-e4c1fa3f1dc6.html,ROADS Phase 3 Clinical Trial Data Presented at ASCO26 Show GammaTile® Provides Superior Tumor Control Leading to Patients Living Longer Without Recurrence Compared to Standard of Care in Newly Diagnosed Operable Brain Metastases,IV Press,2026-05-30T12:05:00+00:00,2026-05-31T11:42:43.197224+00:00,0,False,0.0,,none,False,none,,rss,True
7e6176c5ecf5,https://www.ivpressonline.com/online_features/press_releases/university-of-phoenix-college-of-doctoral-studies-holds-fifth-annual-colloquium-supporting-doctoral-students/article_2e529cc9-ab47-5e57-969d-405fe819c78f.html,University of Phoenix College of Doctoral Studies holds fifth annual colloquium supporting doctoral students,IV Press,2026-05-30T12:00:00+00:00,2026-05-31T11:42:43.197275+00:00,0,False,0.0,,none,False,none,,rss,True
172184a74e62,https://www.ivpressonline.com/online_features/press_releases/grail-reports-full-results-from-nhs-galleri-trial-demonstrating-substantial-reduction-in-stage-iv-cancer/article_fa0d48c0-48e4-5af0-9bbf-6b3a852b9e97.html,GRAIL Reports Full Results From NHS-Galleri Trial Demonstrating Substantial Reduction in Stage IV Cancer Diagnoses at 2026 ASCO Annual Meeting,IV Press,2026-05-30T12:00:00+00:00,2026-05-31T11:42:43.197320+00:00,0,False,0.0,,none,False,none,,rss,True
68d23d91439e,https://www.ivpressonline.com/online_features/health_and_wellness/don-t-overlook-your-dental-health-as-you-age/article_30b255d5-123f-59c1-945f-bf2590297529.html,Don’t Overlook Your Dental Health As You Age,IV Press,2026-05-30T08:00:00+00:00,2026-05-31T11:42:43.197372+00:00,0,False,0.0,,none,False,none,,rss,True
da45b619b48e,https://www.ivpressonline.com/online_features/tech_talk_and_innovation/help-your-little-ones-learn/article_8b09a288-af62-53b2-aaa5-30d0f916cf45.html,Help Your Little Ones Learn,IV Press,2026-05-30T08:00:00+00:00,2026-05-31T11:42:43.197521+00:00,0,False,0.0,,none,False,none,,rss,True
9635c37138d8,https://www.ivpressonline.com/opinion/dare-to-live-without-limits-leadership/article_e8251164-61be-4f5e-bcda-81091ca2b7a9.html,DARE TO LIVE WITHOUT LIMITS: Leadership,IV Press,2026-05-30T07:00:00+00:00,2026-05-31T11:42:43.197568+00:00,0,False,0.0,,none,False,none,,rss,True
0aa746d8cbb4,https://www.ivpressonline.com/opinion/the-postscript-a-mother-who-reads/article_ce59f3eb-b210-439a-a3d6-1b1530658642.html,THE POSTSCRIPT: A mother who reads,IV Press,2026-05-30T07:00:00+00:00,2026-05-31T11:42:43.197597+00:00,0,False,0.0,,none,False,none,,rss,True
9017b849ea95,https://www.ivpressonline.com/open/opinion-18-years-after-california-voters-approved-the-bullet-train-progress-and-finances-are-still/article_bff7c0e0-2778-42a6-8f1d-299d44e4dee6.html,"OPINION: 18 years after California voters approved the bullet train, progress and finances are still stalled",IV Press,2026-05-30T07:00:00+00:00,2026-05-31T11:42:43.197631+00:00,0,False,0.0,,none,False,none,,rss,True
05945ed2a443,https://kyma.com/decision-politics/california-politics/2026/06/01/california-election-day-what-voters-need-to-know/,California Election Day: What voters need to know,KYMA,2026-06-01T12:48:14+00:00,2026-06-01T16:09:09.050883+00:00,6,False,0.1,,none,False,city,,rss,True
1799126bed30,https://www.ivpressonline.com/online_features/home_decorating/where-wildfire-preparedness-falls-short-5-elements-often-missing-from-evacuation-plans/article_bfbfcfa6-b5cd-5af0-b068-8df42476337f.html,Where Wildfire Preparedness Falls Short: 5 Elements Often Missing from Evacuation Plans,IV Press,2026-06-01T05:00:00+00:00,2026-06-01T16:09:11.343784+00:00,0,False,0.0,,none,False,none,,rss,False
ab2b05c96308,https://www.ivpressonline.com/online_features/family_living/new-ai-tools-to-improve-age-verification-and-teen-safety-online/article_f1e47d12-3358-5523-abd9-382d639ac610.html,New AI Tools to Improve Age Verification and Teen Safety Online,IV Press,2026-06-01T05:00:00+00:00,2026-06-01T16:09:11.343811+00:00,0,False,0.0,,none,False,none,,rss,False
5ad9da6be976,https://www.ivpressonline.com/online_features/food_recipes_entertaining/elevate-summer-celebrations-with-easy-backyard-recipes-featuring-fresh-corn/article_549050d0-5d97-5787-853b-9d594bab0137.html,Elevate Summer Celebrations with Easy Backyard Recipes Featuring Fresh Corn,IV Press,2026-06-01T05:00:00+00:00,2026-06-01T16:09:11.343838+00:00,0,False,0.0,,none,False,none,,rss,False
e3370b2eac19,https://www.ivpressonline.com/online_features/food_recipes_entertaining/5-nutrition-boosting-tips-to-spread-protein-throughout-the-day/article_d3f61f7b-dffe-5cc7-9219-4b1f6ffad8c1.html,5 Nutrition-Boosting Tips to Spread Protein Throughout the Day,IV Press,2026-06-01T05:00:00+00:00,2026-06-01T16:09:11.343865+00:00,0,False,0.0,,none,False,none,,rss,False
7e4b173adbdb,https://www.ivpressonline.com/online_features/press_releases/alzheimers-brain-awareness-month-take-charge-of-your-brain-health/article_d66db364-0636-50ef-b643-0dcb7a27cc96.html,ALZHEIMER'S & BRAIN AWARENESS MONTH: TAKE CHARGE OF YOUR BRAIN HEALTH,IV Press,2026-06-01T04:01:00+00:00,2026-06-01T16:09:11.343901+00:00,0,False,0.0,,none,False,none,,rss,True
9178e2a5eaa3,https://www.ivpressonline.com/online_features/press_releases/supermicro-launches-new-server-solutions-with-intel-xeon-6-processors-to-reduce-tco-and-accelerate/article_4101dfaa-eefb-5418-9b68-23e162e72e4e.html,Supermicro Launches New Server Solutions with Intel Xeon 6+ Processors to Reduce TCO and Accelerate Time-to-Online for Large-Scale Cloud and Data Centers,IV Press,2026-06-01T03:00:00+00:00,2026-06-01T16:09:11.343967+00:00,0,False,0.0,,none,False,none,,rss,True
08c5e8c98bba,https://www.ivpressonline.com/online_features/press_releases/amd-bundles-carbice-ice-pad-with-ryzen-7-5800x3d/article_1b3aff3a-b8db-5310-aede-cb196262af54.html,AMD Bundles Carbice Ice Pad with Ryzen™ 7 5800X3D,IV Press,2026-06-01T00:00:00+00:00,2026-06-01T16:09:11.344024+00:00,0,False,0.0,,none,False,none,,rss,True
cd60417ffbe0,https://www.ivpressonline.com/online_features/press_releases/2026-asco-innovent-presents-long-term-follow-up-results-from-the-poc-study-of-ibi363/article_72f214e4-3aad-5c81-b3b8-b1952f29975f.html,"2026 ASCO | Innovent Presents Long-Term Follow-up Results from the PoC Study of IBI363 (TAK-928) (PD-1/IL-2α-bias bispecific fusion protein), Showing Robust Survival Benefits in Advanced Immunotherapy-Resistant Non-Small Cell Lung Cancer",IV Press,2026-06-01T00:00:00+00:00,2026-06-01T16:09:11.344097+00:00,0,False,0.0,,none,False,none,,rss,True
57a996a278cb,https://www.ivpressonline.com/online_features/press_releases/2026-asco-innovent-presents-preliminary-poc-data-of-ibi363-tak-928-pd-1-il-2/article_14a2da62-4b47-53b4-902e-e30e40a568ce.html,2026 ASCO | Innovent Presents Preliminary PoC Data of IBI363 (TAK-928) PD-1/IL-2α-bias bispecific fusion protein) in First-line Advanced NSCLC,IV Press,2026-06-01T00:00:00+00:00,2026-06-01T16:09:11.344157+00:00,0,False,0.0,,none,False,none,,rss,True
32b4e2e22063,https://www.ivpressonline.com/online_features/press_releases/scripps-pulls-54-local-stations-from-directv-after-seeking-record-retransmission-consent-rates/article_0f3383a5-0961-584d-b7c5-7e3415ce1c83.html,Scripps Pulls 54 Local Stations from DIRECTV After Seeking Record Retransmission Consent Rates,IV Press,2026-05-31T23:27:00+00:00,2026-06-01T16:09:11.344211+00:00,0,False,0.0,,none,False,none,,rss,True
2ad8bced216d,https://www.ivpressonline.com/online_features/press_releases/mazda-announces-new-zinc-green-color/article_5e76588c-5cb7-5bde-bad2-d974a0100999.html,Mazda Announces New Zinc Green Color,IV Press,2026-05-31T21:27:00+00:00,2026-06-01T16:09:11.344240+00:00,0,False,0.0,,none,False,none,,rss,True
848d9b1e3a4c,https://www.ivpressonline.com/online_features/press_releases/berkshire-hathaway-to-acquire-taylor-morrison-home-corporation-for-8-5-billion/article_f9132b9b-98d1-599b-8065-ed43e70e17e7.html,Berkshire Hathaway to Acquire Taylor Morrison Home Corporation for $8.5 Billion,IV Press,2026-05-31T20:30:00+00:00,2026-06-01T16:09:11.344300+00:00,0,False,0.0,,none,False,none,,rss,True
d92f56d3d238,https://www.ivpressonline.com/online_features/press_releases/sentri-security-expands-operations-to-support-fort-worth-mixed-use-development-surge/article_682cd59e-ea79-58bc-a2e5-cbb25fba2ee8.html,Sentri Security Expands Operations to Support Fort Worth Mixed-Use Development Surge,IV Press,2026-05-31T20:30:03+00:00,2026-06-01T16:09:11.344327+00:00,0,False,0.0,,none,False,none,,rss,False
7cd76923c676,https://www.ivpressonline.com/online_features/press_releases/schenkar-construction-launches-structural-engineering-consultancy-division-for-complex-terrains/article_e8f91a10-2539-5333-a257-f068207b4052.html,Schenkar Construction Launches Structural Engineering Consultancy Division for Complex Terrains,IV Press,2026-05-31T19:10:03+00:00,2026-06-01T16:09:11.344370+00:00,0,False,0.0,,none,False,none,,rss,False
56c672dfb43c,https://www.ivpressonline.com/online_features/press_releases/zenapet-discusses-rising-consumer-awareness-around-cat-allergies-and-everyday-feline-wellness/article_570b9024-4c7a-55c7-a80a-2ed0f4434093.html,Zenapet Discusses Rising Consumer Awareness Around Cat Allergies and Everyday Feline Wellness,IV Press,2026-05-31T17:01:32+00:00,2026-06-01T16:09:11.344404+00:00,0,False,0.0,,none,False,none,,rss,True
7c5cdb2f3d5c,https://www.ivpressonline.com/online_features/press_releases/united-imaging-spotlights-molecular-imaging-showstoppers-at-snmmi-2026/article_0d801a3e-7ba8-55be-9d23-0019a30321c5.html,United Imaging Spotlights Molecular Imaging Showstoppers at SNMMI 2026,IV Press,2026-05-31T15:00:00+00:00,2026-06-01T16:09:11.344457+00:00,0,False,0.0,,none,False,none,,rss,True
7ac71b9f67d4,https://www.ivpressonline.com/online_features/press_releases/grail-presents-pathfinder-2-results-of-more-than-35-000-participants-showing-the-galleri-test/article_3c2137a2-708c-56df-bb90-0a9fcc23483d.html,"GRAIL Presents PATHFINDER 2 Results of More Than 35,000 Participants Showing the Galleri® Test Substantially Increased Cancer Detection With Robust Performance and Favorable Safety at 2026 ASCO Annual Meeting",IV Press,2026-05-31T12:00:00+00:00,2026-06-01T16:09:11.344511+00:00,0,False,0.0,,none,False,none,,rss,True
